[2026-06-30T23:26:11.193422] Session 51a0c40054e4: Starting real processing pipeline
[2026-06-30T23:26:11.194289] Session 51a0c40054e4: Reading initial background frames for Camera A...
[2026-06-30T23:26:11.413874] Session 51a0c40054e4: Reading initial background frames for Camera B...
[2026-06-30T23:26:11.625680] Session 51a0c40054e4: Building background models...
[2026-06-30T23:26:13.264182] Session 51a0c40054e4: Background modeling complete, starting candidate detection...
[2026-06-30T23:26:13.306505] Session 51a0c40054e4: [Camera A] Processing 1252 frames...
[2026-06-30T23:26:14.468041] Session 51a0c40054e4: [Camera A] Processed 100/1252 frames (8.0%)
[2026-06-30T23:26:15.931054] Session 51a0c40054e4: [Camera A] Processed 200/1252 frames (16.0%)
[2026-06-30T23:26:17.657869] Session 51a0c40054e4: [Camera A] Processed 300/1252 frames (24.0%)
[2026-06-30T23:26:19.470128] Session 51a0c40054e4: [Camera A] Processed 400/1252 frames (31.9%)
[2026-06-30T23:26:21.116448] Session 51a0c40054e4: [Camera A] Processed 500/1252 frames (39.9%)
[2026-06-30T23:26:22.833786] Session 51a0c40054e4: [Camera A] Processed 600/1252 frames (47.9%)
[2026-06-30T23:26:24.716286] Session 51a0c40054e4: [Camera A] Processed 700/1252 frames (55.9%)
[2026-06-30T23:26:26.868531] Session 51a0c40054e4: [Camera A] Processed 800/1252 frames (63.9%)
[2026-06-30T23:26:29.130583] Session 51a0c40054e4: [Camera A] Processed 900/1252 frames (71.9%)
[2026-06-30T23:26:31.470064] Session 51a0c40054e4: [Camera A] Processed 1000/1252 frames (79.9%)
[2026-06-30T23:26:34.294783] Session 51a0c40054e4: [Camera A] Processed 1100/1252 frames (87.9%)
[2026-06-30T23:26:36.857289] Session 51a0c40054e4: [Camera A] Processed 1200/1252 frames (95.8%)
[2026-06-30T23:26:38.128022] Session 51a0c40054e4: [Camera A] Finished processing 1252 frames.
[2026-06-30T23:26:38.164959] Session 51a0c40054e4: [Camera B] Processing 308 frames...
[2026-06-30T23:26:45.891065] Session 51a0c40054e4: [Camera B] Processed 100/308 frames (32.5%)
[2026-06-30T23:26:56.752793] Session 51a0c40054e4: [Camera B] Processed 200/308 frames (64.9%)
[2026-06-30T23:27:07.490997] Session 51a0c40054e4: [Camera B] Processed 300/308 frames (97.4%)
[2026-06-30T23:27:08.325280] Session 51a0c40054e4: [Camera B] Finished processing 308 frames.
[2026-06-30T23:27:08.325555] Session 51a0c40054e4: Candidate detection complete, starting 2D tracking...
[2026-06-30T23:31:03.127198] Session 51a0c40054e4: 2D tracking complete. Track A: 707 pts, Track B: 186 pts.
[2026-06-30T23:31:03.127497] Session 51a0c40054e4: Starting 3D triangulation...
[2026-06-30T23:31:03.132883] Session 51a0c40054e4: Triangulated 0 points in 3D.
[2026-06-30T23:31:03.133131] Session 51a0c40054e4: Too few 3D points to fit model.
[2026-07-01T00:15:42.655980] Session 1a597496d57c: Starting real processing pipeline
[2026-07-01T00:15:42.656735] Session 1a597496d57c: Reading initial background frames for Camera A...
[2026-07-01T00:15:42.690408] Session 1a597496d57c: Starting real processing pipeline
[2026-07-01T00:15:42.691102] Session 1a597496d57c: Reading initial background frames for Camera A...
[2026-07-01T00:15:42.886837] Session 1a597496d57c: Reading initial background frames for Camera B...
[2026-07-01T00:15:42.919997] Session 1a597496d57c: Reading initial background frames for Camera B...
[2026-07-01T00:15:43.111476] Session 1a597496d57c: Building background models...
[2026-07-01T00:15:43.156191] Session 1a597496d57c: Building background models...
[2026-07-01T00:15:44.869439] Session 1a597496d57c: Background modeling complete, starting candidate detection...
[2026-07-01T00:15:44.970235] Session 1a597496d57c: Background modeling complete, starting candidate detection...
[2026-07-01T00:15:44.970289] Session 1a597496d57c: [Camera A] Processing 1252 frames...
[2026-07-01T00:15:45.014214] Session 1a597496d57c: [Camera A] Processing 1252 frames...
[2026-07-01T00:15:46.553424] Session 1a597496d57c: [Camera A] Processed 100/1252 frames (8.0%)
[2026-07-01T00:15:46.651322] Session 1a597496d57c: [Camera A] Processed 100/1252 frames (8.0%)
[2026-07-01T00:15:48.451849] Session 1a597496d57c: [Camera A] Processed 200/1252 frames (16.0%)
[2026-07-01T00:15:48.531801] Session 1a597496d57c: [Camera A] Processed 200/1252 frames (16.0%)
[2026-07-01T00:15:50.402028] Session 1a597496d57c: [Camera A] Processed 300/1252 frames (24.0%)
[2026-07-01T00:15:50.497308] Session 1a597496d57c: [Camera A] Processed 300/1252 frames (24.0%)
[2026-07-01T00:15:52.732752] Session 1a597496d57c: [Camera A] Processed 400/1252 frames (31.9%)
[2026-07-01T00:15:52.898901] Session 1a597496d57c: [Camera A] Processed 400/1252 frames (31.9%)
[2026-07-01T00:15:55.035783] Session 1a597496d57c: [Camera A] Processed 500/1252 frames (39.9%)
[2026-07-01T00:15:55.279646] Session 1a597496d57c: [Camera A] Processed 500/1252 frames (39.9%)
[2026-07-01T00:15:57.236707] Session 1a597496d57c: [Camera A] Processed 600/1252 frames (47.9%)
[2026-07-01T00:15:57.464239] Session 1a597496d57c: [Camera A] Processed 600/1252 frames (47.9%)
[2026-07-01T00:15:59.414483] Session 1a597496d57c: [Camera A] Processed 700/1252 frames (55.9%)
[2026-07-01T00:15:59.662371] Session 1a597496d57c: [Camera A] Processed 700/1252 frames (55.9%)
[2026-07-01T00:16:01.902594] Session 1a597496d57c: [Camera A] Processed 800/1252 frames (63.9%)
[2026-07-01T00:16:02.194665] Session 1a597496d57c: [Camera A] Processed 800/1252 frames (63.9%)
[2026-07-01T00:16:04.363200] Session 1a597496d57c: [Camera A] Processed 900/1252 frames (71.9%)
[2026-07-01T00:16:04.677339] Session 1a597496d57c: [Camera A] Processed 900/1252 frames (71.9%)
[2026-07-01T00:16:07.215417] Session 1a597496d57c: [Camera A] Processed 1000/1252 frames (79.9%)
[2026-07-01T00:16:07.606013] Session 1a597496d57c: [Camera A] Processed 1000/1252 frames (79.9%)
[2026-07-01T00:16:10.161816] Session 1a597496d57c: [Camera A] Processed 1100/1252 frames (87.9%)
[2026-07-01T00:16:10.684555] Session 1a597496d57c: [Camera A] Processed 1100/1252 frames (87.9%)
[2026-07-01T00:16:13.735313] Session 1a597496d57c: [Camera A] Processed 1200/1252 frames (95.8%)
[2026-07-01T00:16:14.178053] Session 1a597496d57c: [Camera A] Processed 1200/1252 frames (95.8%)
[2026-07-01T00:16:15.352034] Session 1a597496d57c: [Camera A] Finished processing 1252 frames.
[2026-07-01T00:16:15.395104] Session 1a597496d57c: [Camera B] Processing 308 frames...
[2026-07-01T00:16:15.812835] Session 1a597496d57c: [Camera A] Finished processing 1252 frames.
[2026-07-01T00:16:15.850891] Session 1a597496d57c: [Camera B] Processing 308 frames...
[2026-07-01T00:16:25.234830] Session 1a597496d57c: [Camera B] Processed 100/308 frames (32.5%)
[2026-07-01T00:16:26.251248] Session 1a597496d57c: [Camera B] Processed 100/308 frames (32.5%)
[2026-07-01T00:16:39.569125] Session 1a597496d57c: [Camera B] Processed 200/308 frames (64.9%)
[2026-07-01T00:16:40.498998] Session 1a597496d57c: [Camera B] Processed 200/308 frames (64.9%)
[2026-07-01T00:16:52.999494] Session 1a597496d57c: [Camera B] Processed 300/308 frames (97.4%)
[2026-07-01T00:16:53.956018] Session 1a597496d57c: [Camera B] Processed 300/308 frames (97.4%)
[2026-07-01T00:16:54.028232] Session 1a597496d57c: [Camera B] Finished processing 308 frames.
[2026-07-01T00:16:54.028698] Session 1a597496d57c: Candidate detection complete, starting 2D tracking...
[2026-07-01T00:17:44.567934] Session 1a597496d57c: [Camera B] Finished processing 308 frames.
[2026-07-01T00:17:44.568569] Session 1a597496d57c: Candidate detection complete, starting 2D tracking...
[2026-07-01T00:19:10.267895] Session 51a0c40054e4: Starting real processing pipeline
[2026-07-01T00:19:10.272197] Session 51a0c40054e4: Reading initial background frames for Camera A...
[2026-07-01T00:19:10.714619] Session 51a0c40054e4: Reading initial background frames for Camera B...
[2026-07-01T00:19:11.105200] Session 51a0c40054e4: Building background models...
[2026-07-01T00:19:13.471854] Session 51a0c40054e4: Background modeling complete, starting candidate detection...
[2026-07-01T00:19:13.513429] Session 51a0c40054e4: [Camera A] Processing 1252 frames...
[2026-07-01T00:19:34.583279] Session 51a0c40054e4: [Camera A] Processed 100/1252 frames (8.0%)
[2026-07-01T00:20:30.906311] Session 51a0c40054e4: Starting real processing pipeline
[2026-07-01T00:20:30.907073] Session 51a0c40054e4: Reading initial background frames for Camera A...
[2026-07-01T00:20:31.086785] Session 51a0c40054e4: Reading initial background frames for Camera B...
[2026-07-01T00:20:31.263559] Session 51a0c40054e4: Building background models...
[2026-07-01T00:20:32.959622] Session 51a0c40054e4: Background modeling complete, starting candidate detection...
[2026-07-01T00:20:32.995261] Session 51a0c40054e4: [Camera A] Processing 1252 frames...
[2026-07-01T00:20:34.202413] Session 51a0c40054e4: [Camera A] Processed 100/1252 frames (8.0%)
[2026-07-01T00:20:35.820245] Session 51a0c40054e4: [Camera A] Processed 200/1252 frames (16.0%)
[2026-07-01T00:20:37.356203] Session 51a0c40054e4: [Camera A] Processed 300/1252 frames (24.0%)
[2026-07-01T00:20:39.148568] Session 51a0c40054e4: [Camera A] Processed 400/1252 frames (31.9%)
[2026-07-01T00:20:40.993075] Session 51a0c40054e4: [Camera A] Processed 500/1252 frames (39.9%)
[2026-07-01T00:20:42.743305] Session 51a0c40054e4: [Camera A] Processed 600/1252 frames (47.9%)
[2026-07-01T00:20:44.689735] Session 51a0c40054e4: [Camera A] Processed 700/1252 frames (55.9%)
[2026-07-01T00:20:46.823143] Session 51a0c40054e4: [Camera A] Processed 800/1252 frames (63.9%)
[2026-07-01T00:20:48.902815] Session 51a0c40054e4: [Camera A] Processed 900/1252 frames (71.9%)
[2026-07-01T00:20:51.343197] Session 51a0c40054e4: [Camera A] Processed 1000/1252 frames (79.9%)
[2026-07-01T00:20:54.140704] Session 51a0c40054e4: [Camera A] Processed 1100/1252 frames (87.9%)
[2026-07-01T00:20:56.585696] Session 51a0c40054e4: [Camera A] Processed 1200/1252 frames (95.8%)
[2026-07-01T00:20:57.751817] Session 51a0c40054e4: [Camera A] Finished processing 1252 frames.
[2026-07-01T00:20:57.787229] Session 51a0c40054e4: [Camera B] Processing 308 frames...
[2026-07-01T00:21:04.667775] Session 51a0c40054e4: [Camera B] Processed 100/308 frames (32.5%)
[2026-07-01T00:21:13.717274] Session 51a0c40054e4: [Camera B] Processed 200/308 frames (64.9%)
[2026-07-01T00:21:22.673084] Session 51a0c40054e4: [Camera B] Processed 300/308 frames (97.4%)
[2026-07-01T00:21:23.393936] Session 51a0c40054e4: [Camera B] Finished processing 308 frames.
[2026-07-01T00:21:23.394375] Session 51a0c40054e4: Candidate detection complete, starting 2D tracking...
[2026-07-01T00:23:15.050231] Session 51a0c40054e4: 2D tracking complete. Track A: 707 pts, Track B: 198 pts.
[2026-07-01T00:23:15.051451] Session 51a0c40054e4: Starting 3D triangulation...
[2026-07-01T00:23:15.061268] Session 51a0c40054e4: Triangulated 0 points in 3D.
[2026-07-01T00:23:15.061782] Session 51a0c40054e4: Too few 3D points to fit model.
[2026-07-01T00:23:15.831019] Session 7aeea772b819: Starting real processing pipeline
[2026-07-01T00:23:15.837728] Session 7aeea772b819: Reading initial background frames for Camera A...
[2026-07-01T00:23:16.109881] Session 7aeea772b819: Starting real processing pipeline
[2026-07-01T00:23:16.111200] Session 7aeea772b819: Reading initial background frames for Camera A...
[2026-07-01T00:23:16.186008] Session 7aeea772b819: Reading initial background frames for Camera B...
[2026-07-01T00:23:16.486020] Session 7aeea772b819: Reading initial background frames for Camera B...
[2026-07-01T00:23:16.725236] Session 7aeea772b819: Building background models...
[2026-07-01T00:23:17.073210] Session 7aeea772b819: Building background models...
[2026-07-01T00:23:20.276863] Session 7aeea772b819: Background modeling complete, starting candidate detection...
[2026-07-01T00:23:20.405397] Session 7aeea772b819: Background modeling complete, starting candidate detection...
[2026-07-01T00:23:20.405508] Session 7aeea772b819: [Camera A] Processing 1252 frames...
[2026-07-01T00:23:20.476738] Session 7aeea772b819: [Camera A] Processing 1252 frames...
[2026-07-01T00:23:23.372860] Session 7aeea772b819: [Camera A] Processed 100/1252 frames (8.0%)
[2026-07-01T00:23:26.889529] Session fa5720d77464: Starting real processing pipeline
[2026-07-01T00:23:26.895446] Session fa5720d77464: Reading initial background frames for Camera A...
[2026-07-01T00:23:27.485051] Session fa5720d77464: Reading initial background frames for Camera B...
[2026-07-01T00:23:27.719002] Session fa5720d77464: Starting real processing pipeline
[2026-07-01T00:23:27.721577] Session fa5720d77464: Reading initial background frames for Camera A...
[2026-07-01T00:23:27.856990] Session 7aeea772b819: [Camera A] Processed 100/1252 frames (8.0%)
[2026-07-01T00:23:28.130182] Session fa5720d77464: Building background models...
[2026-07-01T00:23:28.743836] Session fa5720d77464: Reading initial background frames for Camera B...
[2026-07-01T00:23:28.924207] Session 7aeea772b819: [Camera A] Processed 200/1252 frames (16.0%)
[2026-07-01T00:23:30.132215] Session fa5720d77464: Building background models...
[2026-07-01T00:23:32.073633] Session fa5720d77464: Background modeling complete, starting candidate detection...
[2026-07-01T00:23:32.173028] Session fa5720d77464: [Camera A] Processing 1252 frames...
[2026-07-01T00:23:33.517910] Session 7aeea772b819: [Camera A] Processed 300/1252 frames (24.0%)
[2026-07-01T00:23:34.816093] Session fa5720d77464: Background modeling complete, starting candidate detection...
[2026-07-01T00:23:34.959768] Session fa5720d77464: [Camera A] Processing 1252 frames...
[2026-07-01T00:23:36.668180] Session 7aeea772b819: [Camera A] Processed 200/1252 frames (16.0%)
[2026-07-01T00:23:37.762330] Session fa5720d77464: [Camera A] Processed 100/1252 frames (8.0%)
[2026-07-01T00:23:37.931239] Session 7aeea772b819: [Camera A] Processed 400/1252 frames (31.9%)
[2026-07-01T00:23:40.073780] Session fa5720d77464: [Camera A] Processed 100/1252 frames (8.0%)
[2026-07-01T00:23:42.772062] Session 7aeea772b819: [Camera A] Processed 500/1252 frames (39.9%)
[2026-07-01T00:23:43.501159] Session 7aeea772b819: [Camera A] Processed 300/1252 frames (24.0%)
[2026-07-01T00:23:44.139497] Session fa5720d77464: [Camera A] Processed 200/1252 frames (16.0%)
[2026-07-01T00:23:45.611398] Session fa5720d77464: [Camera A] Processed 200/1252 frames (16.0%)
[2026-07-01T00:23:47.580287] Session 7aeea772b819: [Camera A] Processed 600/1252 frames (47.9%)
[2026-07-01T00:23:49.496511] Session 7aeea772b819: [Camera A] Processed 400/1252 frames (31.9%)
[2026-07-01T00:23:49.996965] Session fa5720d77464: [Camera A] Processed 300/1252 frames (24.0%)
[2026-07-01T00:23:51.470733] Session fa5720d77464: [Camera A] Processed 300/1252 frames (24.0%)
[2026-07-01T00:23:52.918701] Session 7aeea772b819: [Camera A] Processed 700/1252 frames (55.9%)
[2026-07-01T00:23:56.225263] Session 7aeea772b819: [Camera A] Processed 500/1252 frames (39.9%)
[2026-07-01T00:23:56.575527] Session fa5720d77464: [Camera A] Processed 400/1252 frames (31.9%)
[2026-07-01T00:23:57.999822] Session fa5720d77464: [Camera A] Processed 400/1252 frames (31.9%)
[2026-07-01T00:23:58.861495] Session 7aeea772b819: [Camera A] Processed 800/1252 frames (63.9%)
[2026-07-01T00:24:04.201648] Session 7aeea772b819: [Camera A] Processed 600/1252 frames (47.9%)
[2026-07-01T00:24:04.297051] Session fa5720d77464: [Camera A] Processed 500/1252 frames (39.9%)
[2026-07-01T00:24:05.180811] Session 7aeea772b819: [Camera A] Processed 900/1252 frames (71.9%)
[2026-07-01T00:24:05.620891] Session fa5720d77464: [Camera A] Processed 500/1252 frames (39.9%)
[2026-07-01T00:24:11.872470] Session 7aeea772b819: [Camera A] Processed 1000/1252 frames (79.9%)
[2026-07-01T00:24:11.955788] Session fa5720d77464: [Camera A] Processed 600/1252 frames (47.9%)
[2026-07-01T00:24:12.047288] Session 7aeea772b819: [Camera A] Processed 700/1252 frames (55.9%)
[2026-07-01T00:24:12.749458] Session fa5720d77464: [Camera A] Processed 600/1252 frames (47.9%)
[2026-07-01T00:24:19.218648] Session 7aeea772b819: [Camera A] Processed 1100/1252 frames (87.9%)
[2026-07-01T00:24:20.233843] Session fa5720d77464: [Camera A] Processed 700/1252 frames (55.9%)
[2026-07-01T00:24:20.552081] Session 7aeea772b819: [Camera A] Processed 800/1252 frames (63.9%)
[2026-07-01T00:24:21.082432] Session fa5720d77464: [Camera A] Processed 700/1252 frames (55.9%)
[2026-07-01T00:24:26.784690] Session 7aeea772b819: [Camera A] Processed 1200/1252 frames (95.8%)
[2026-07-01T00:24:29.108134] Session fa5720d77464: [Camera A] Processed 800/1252 frames (63.9%)
[2026-07-01T00:24:29.419184] Session 7aeea772b819: [Camera A] Processed 900/1252 frames (71.9%)
[2026-07-01T00:24:29.536466] Session fa5720d77464: [Camera A] Processed 800/1252 frames (63.9%)
[2026-07-01T00:24:30.983415] Session 7aeea772b819: [Camera A] Finished processing 1252 frames.
[2026-07-01T00:24:31.040580] Session 7aeea772b819: [Camera B] Processing 308 frames...
[2026-07-01T00:24:37.811220] Session fa5720d77464: [Camera A] Processed 900/1252 frames (71.9%)
[2026-07-01T00:24:38.114843] Session fa5720d77464: [Camera A] Processed 900/1252 frames (71.9%)
[2026-07-01T00:24:38.398486] Session 7aeea772b819: [Camera A] Processed 1000/1252 frames (79.9%)
[2026-07-01T00:24:46.995847] Session fa5720d77464: [Camera A] Processed 1000/1252 frames (79.9%)
[2026-07-01T00:24:47.230832] Session fa5720d77464: [Camera A] Processed 1000/1252 frames (79.9%)
[2026-07-01T00:24:47.637254] Session 7aeea772b819: [Camera A] Processed 1100/1252 frames (87.9%)
[2026-07-01T00:24:56.998195] Session fa5720d77464: [Camera A] Processed 1100/1252 frames (87.9%)
[2026-07-01T00:24:57.374489] Session fa5720d77464: [Camera A] Processed 1100/1252 frames (87.9%)
[2026-07-01T00:24:57.734115] Session 7aeea772b819: [Camera B] Processed 100/308 frames (32.5%)
[2026-07-01T00:24:57.990692] Session 7aeea772b819: [Camera A] Processed 1200/1252 frames (95.8%)
[2026-07-01T00:25:03.406345] Session 7aeea772b819: [Camera A] Finished processing 1252 frames.
[2026-07-01T00:25:03.460631] Session 7aeea772b819: [Camera B] Processing 308 frames...
[2026-07-01T00:25:07.640204] Session fa5720d77464: [Camera A] Processed 1200/1252 frames (95.8%)
[2026-07-01T00:25:07.738131] Session fa5720d77464: [Camera A] Processed 1200/1252 frames (95.8%)
[2026-07-01T00:25:12.843698] Session fa5720d77464: [Camera A] Finished processing 1252 frames.
[2026-07-01T00:25:12.903858] Session fa5720d77464: [Camera B] Processing 308 frames...
[2026-07-01T00:25:13.051026] Session fa5720d77464: [Camera A] Finished processing 1252 frames.
[2026-07-01T00:25:13.108235] Session fa5720d77464: [Camera B] Processing 308 frames...
[2026-07-01T00:25:37.772879] Session 7aeea772b819: [Camera B] Processed 100/308 frames (32.5%)
[2026-07-01T00:25:38.907910] Session 7aeea772b819: [Camera B] Processed 200/308 frames (64.9%)
[2026-07-01T00:25:47.568167] Session fa5720d77464: [Camera B] Processed 100/308 frames (32.5%)
[2026-07-01T00:25:48.295070] Session fa5720d77464: [Camera B] Processed 100/308 frames (32.5%)
[2026-07-01T00:26:20.363311] Session 7aeea772b819: [Camera B] Processed 300/308 frames (97.4%)
[2026-07-01T00:26:23.527999] Session 7aeea772b819: [Camera B] Finished processing 308 frames.
[2026-07-01T00:26:23.528438] Session 7aeea772b819: Candidate detection complete, starting 2D tracking...
[2026-07-01T00:28:57.252057] Session 7aeea772b819: 2D tracking complete. Track A: 707 pts, Track B: 198 pts.
[2026-07-01T00:28:57.252483] Session 7aeea772b819: Starting 3D triangulation...
[2026-07-01T00:28:57.255764] Session 7aeea772b819: Triangulated 0 points in 3D.
[2026-07-01T00:28:57.256006] Session 7aeea772b819: Too few 3D points to fit model.
[2026-07-01T00:29:01.024765] Session 7aeea772b819: [Camera B] Processed 200/308 frames (64.9%)
[2026-07-01T00:29:06.792385] Session fa5720d77464: [Camera B] Processed 200/308 frames (64.9%)
[2026-07-01T00:29:06.912362] Session fa5720d77464: [Camera B] Processed 200/308 frames (64.9%)
[2026-07-01T00:29:29.536483] Session 7aeea772b819: [Camera B] Processed 300/308 frames (97.4%)
[2026-07-01T00:29:31.889661] Session 7aeea772b819: [Camera B] Finished processing 308 frames.
[2026-07-01T00:29:31.890294] Session 7aeea772b819: Candidate detection complete, starting 2D tracking...
[2026-07-01T00:32:00.190774] Session 7aeea772b819: 2D tracking complete. Track A: 707 pts, Track B: 198 pts.
[2026-07-01T00:32:00.191323] Session 7aeea772b819: Starting 3D triangulation...
[2026-07-01T00:32:00.193915] Session 7aeea772b819: Triangulated 0 points in 3D.
[2026-07-01T00:32:00.194303] Session 7aeea772b819: Too few 3D points to fit model.
[2026-07-01T00:32:01.636188] Session fa5720d77464: [Camera B] Processed 300/308 frames (97.4%)
[2026-07-01T00:32:02.380811] Session fa5720d77464: [Camera B] Processed 300/308 frames (97.4%)
[2026-07-01T00:32:03.254727] Session fa5720d77464: [Camera B] Finished processing 308 frames.
[2026-07-01T00:32:03.255105] Session fa5720d77464: Candidate detection complete, starting 2D tracking...
[2026-07-01T00:33:01.028402] Session fa5720d77464: [Camera B] Finished processing 308 frames.
[2026-07-01T00:33:01.029006] Session fa5720d77464: Candidate detection complete, starting 2D tracking...
[2026-07-01T00:35:55.904229] Session fa5720d77464: 2D tracking complete. Track A: 707 pts, Track B: 198 pts.
[2026-07-01T00:35:56.028402] Session fa5720d77464: Starting 3D triangulation...
[2026-07-01T00:35:56.151292] Session fa5720d77464: Triangulated 0 points in 3D.
[2026-07-01T00:35:56.212698] Session fa5720d77464: Too few 3D points to fit model.
[2026-07-01T00:36:49.231141] Session fa5720d77464: 2D tracking complete. Track A: 707 pts, Track B: 198 pts.
[2026-07-01T00:36:49.231530] Session fa5720d77464: Starting 3D triangulation...
[2026-07-01T00:36:49.233731] Session fa5720d77464: Triangulated 0 points in 3D.
[2026-07-01T00:36:49.233943] Session fa5720d77464: Too few 3D points to fit model.
[2026-07-01T00:38:19.056473] Session 51a0c40054e4: Starting real processing pipeline
[2026-07-01T00:38:19.058169] Session 51a0c40054e4: Reading initial background frames for Camera A...
[2026-07-01T00:38:19.285283] Session 51a0c40054e4: Reading initial background frames for Camera B...
[2026-07-01T00:38:19.532314] Session 51a0c40054e4: Building background models...
[2026-07-01T00:38:21.370982] Session 51a0c40054e4: Background modeling complete, starting candidate detection...
[2026-07-01T00:38:21.408925] Session 51a0c40054e4: [Camera A] Processing 1252 frames...
[2026-07-01T00:38:22.566589] Session 51a0c40054e4: [Camera A] Processed 100/1252 frames (8.0%)
[2026-07-01T00:38:24.033071] Session 51a0c40054e4: [Camera A] Processed 200/1252 frames (16.0%)
[2026-07-01T00:38:25.712932] Session 51a0c40054e4: [Camera A] Processed 300/1252 frames (24.0%)
[2026-07-01T00:38:27.521212] Session 51a0c40054e4: [Camera A] Processed 400/1252 frames (31.9%)
[2026-07-01T00:38:29.336531] Session 51a0c40054e4: [Camera A] Processed 500/1252 frames (39.9%)
[2026-07-01T00:38:31.281914] Session 51a0c40054e4: [Camera A] Processed 600/1252 frames (47.9%)
[2026-07-01T00:38:33.332859] Session 51a0c40054e4: [Camera A] Processed 700/1252 frames (55.9%)
[2026-07-01T00:38:35.520559] Session 51a0c40054e4: [Camera A] Processed 800/1252 frames (63.9%)
[2026-07-01T00:38:38.039590] Session 51a0c40054e4: [Camera A] Processed 900/1252 frames (71.9%)
[2026-07-01T00:38:40.510734] Session 51a0c40054e4: [Camera A] Processed 1000/1252 frames (79.9%)
[2026-07-01T00:38:43.089669] Session 51a0c40054e4: [Camera A] Processed 1100/1252 frames (87.9%)
[2026-07-01T00:38:45.941085] Session 51a0c40054e4: [Camera A] Processed 1200/1252 frames (95.8%)
[2026-07-01T00:38:47.363463] Session 51a0c40054e4: [Camera A] Finished processing 1252 frames.
[2026-07-01T00:38:47.401615] Session 51a0c40054e4: [Camera B] Processing 308 frames...
[2026-07-01T00:38:54.849978] Session 51a0c40054e4: [Camera B] Processed 100/308 frames (32.5%)
[2026-07-01T00:39:05.641601] Session 51a0c40054e4: [Camera B] Processed 200/308 frames (64.9%)
[2026-07-01T00:39:16.492490] Session 51a0c40054e4: [Camera B] Processed 300/308 frames (97.4%)
[2026-07-01T00:39:17.351327] Session 51a0c40054e4: [Camera B] Finished processing 308 frames.
[2026-07-01T00:39:17.351776] Session 51a0c40054e4: Candidate detection complete, starting 2D tracking...
[2026-07-01T00:40:35.897710] Session 51a0c40054e4: Starting real processing pipeline
[2026-07-01T00:40:35.899989] Session 51a0c40054e4: Reading initial background frames for Camera A...
[2026-07-01T00:40:36.120190] Session 51a0c40054e4: Reading initial background frames for Camera B...
[2026-07-01T00:40:36.351749] Session 51a0c40054e4: Building background models...
[2026-07-01T00:40:38.253782] Session 51a0c40054e4: Background modeling complete, starting candidate detection...
[2026-07-01T00:40:38.294891] Session 51a0c40054e4: [Camera A] Processing 1252 frames...
[2026-07-01T00:40:39.775249] Session 51a0c40054e4: [Camera A] Processed 100/1252 frames (8.0%)
[2026-07-01T00:40:41.457519] Session 51a0c40054e4: [Camera A] Processed 200/1252 frames (16.0%)
[2026-07-01T00:40:43.051539] Session 51a0c40054e4: [Camera A] Processed 300/1252 frames (24.0%)
[2026-07-01T00:40:44.753496] Session 51a0c40054e4: [Camera A] Processed 400/1252 frames (31.9%)
[2026-07-01T00:40:46.913973] Session 51a0c40054e4: [Camera A] Processed 500/1252 frames (39.9%)
[2026-07-01T00:40:48.858129] Session 51a0c40054e4: [Camera A] Processed 600/1252 frames (47.9%)
[2026-07-01T00:40:51.026889] Session 51a0c40054e4: [Camera A] Processed 700/1252 frames (55.9%)
[2026-07-01T00:40:53.292264] Session 51a0c40054e4: [Camera A] Processed 800/1252 frames (63.9%)
[2026-07-01T00:40:55.617314] Session 51a0c40054e4: [Camera A] Processed 900/1252 frames (71.9%)
[2026-07-01T00:40:58.197629] Session 51a0c40054e4: [Camera A] Processed 1000/1252 frames (79.9%)
[2026-07-01T00:41:00.564247] Session 51a0c40054e4: [Camera A] Processed 1100/1252 frames (87.9%)
[2026-07-01T00:41:03.051384] Session 51a0c40054e4: [Camera A] Processed 1200/1252 frames (95.8%)
[2026-07-01T00:41:04.374936] Session 51a0c40054e4: [Camera A] Finished processing 1252 frames.
[2026-07-01T00:41:04.411350] Session 51a0c40054e4: [Camera B] Processing 308 frames...
[2026-07-01T00:41:12.039474] Session 51a0c40054e4: [Camera B] Processed 100/308 frames (32.5%)
[2026-07-01T00:41:22.808345] Session 51a0c40054e4: [Camera B] Processed 200/308 frames (64.9%)
[2026-07-01T00:41:33.945473] Session 51a0c40054e4: [Camera B] Processed 300/308 frames (97.4%)
[2026-07-01T00:41:34.807125] Session 51a0c40054e4: [Camera B] Finished processing 308 frames.
[2026-07-01T00:41:34.807816] Session 51a0c40054e4: Candidate detection complete, starting 2D tracking...
[2026-07-01T00:43:42.991646] Session 51a0c40054e4: 2D tracking complete. Track A: 86 pts, Track B: 171 pts.
[2026-07-01T00:43:42.992048] Session 51a0c40054e4: Starting 3D triangulation...
[2026-07-01T00:43:42.996616] Session 51a0c40054e4: Triangulated 0 points in 3D.
[2026-07-01T00:43:42.996865] Session 51a0c40054e4: Too few 3D points to fit model.
[2026-07-01T00:44:08.958717] Session 51a0c40054e4: Starting real processing pipeline
[2026-07-01T00:44:08.959600] Session 51a0c40054e4: Reading initial background frames for Camera A...
[2026-07-01T00:44:09.192985] Session 51a0c40054e4: Reading initial background frames for Camera B...
[2026-07-01T00:44:09.384487] Session 51a0c40054e4: Building background models...
[2026-07-01T00:44:11.303432] Session 51a0c40054e4: Background modeling complete, starting candidate detection...
[2026-07-01T00:44:11.346414] Session 51a0c40054e4: [Camera A] Processing 1252 frames...
[2026-07-01T00:44:12.900112] Session 51a0c40054e4: [Camera A] Processed 100/1252 frames (8.0%)
[2026-07-01T00:44:14.616431] Session 51a0c40054e4: [Camera A] Processed 200/1252 frames (16.0%)
[2026-07-01T00:44:16.294344] Session 51a0c40054e4: [Camera A] Processed 300/1252 frames (24.0%)
[2026-07-01T00:44:18.002501] Session 51a0c40054e4: [Camera A] Processed 400/1252 frames (31.9%)
[2026-07-01T00:44:19.809727] Session 51a0c40054e4: [Camera A] Processed 500/1252 frames (39.9%)
[2026-07-01T00:44:21.534662] Session 51a0c40054e4: [Camera A] Processed 600/1252 frames (47.9%)
[2026-07-01T00:44:23.401549] Session 51a0c40054e4: [Camera A] Processed 700/1252 frames (55.9%)
[2026-07-01T00:44:25.534671] Session 51a0c40054e4: [Camera A] Processed 800/1252 frames (63.9%)
[2026-07-01T00:44:27.456075] Session 51a0c40054e4: [Camera A] Processed 900/1252 frames (71.9%)
[2026-07-01T00:44:29.371097] Session 51a0c40054e4: [Camera A] Processed 1000/1252 frames (79.9%)
[2026-07-01T00:44:31.580399] Session 51a0c40054e4: [Camera A] Processed 1100/1252 frames (87.9%)
[2026-07-01T00:44:33.864392] Session 51a0c40054e4: [Camera A] Processed 1200/1252 frames (95.8%)
[2026-07-01T00:44:35.069518] Session 51a0c40054e4: [Camera A] Finished processing 1252 frames.
[2026-07-01T00:44:35.111802] Session 51a0c40054e4: [Camera B] Processing 308 frames...
[2026-07-01T00:44:42.711606] Session 51a0c40054e4: [Camera B] Processed 100/308 frames (32.5%)
[2026-07-01T00:44:52.627897] Session 51a0c40054e4: [Camera B] Processed 200/308 frames (64.9%)
[2026-07-01T00:45:02.733588] Session 51a0c40054e4: [Camera B] Processed 300/308 frames (97.4%)
[2026-07-01T00:45:03.561242] Session 51a0c40054e4: [Camera B] Finished processing 308 frames.
[2026-07-01T00:45:03.561496] Session 51a0c40054e4: Candidate detection complete, starting 2D tracking...
[2026-07-01T00:45:09.418982] Session 51a0c40054e4: 2D tracking complete. Track A: 40 pts, Track B: 39 pts.
[2026-07-01T00:45:09.419300] Session 51a0c40054e4: Starting 3D triangulation...
[2026-07-01T00:45:09.422107] Session 51a0c40054e4: Triangulated 0 points in 3D.
[2026-07-01T00:45:09.422302] Session 51a0c40054e4: Too few 3D points to fit model.
[2026-07-01T00:50:07.476069] Session 51a0c40054e4: Starting real processing pipeline
[2026-07-01T00:50:07.476769] Session 51a0c40054e4: Reading initial background frames for Camera A...
[2026-07-01T00:50:07.647574] Session 51a0c40054e4: Reading initial background frames for Camera B...
[2026-07-01T00:50:07.809384] Session 51a0c40054e4: Building background models...
[2026-07-01T00:50:09.346674] Session 51a0c40054e4: Background modeling complete, starting candidate detection...
[2026-07-01T00:50:09.384337] Session 51a0c40054e4: [Camera A] Processing 1252 frames...
[2026-07-01T00:50:10.456035] Session 51a0c40054e4: [Camera A] Processed 100/1252 frames (8.0%)
[2026-07-01T00:50:11.707189] Session 51a0c40054e4: [Camera A] Processed 200/1252 frames (16.0%)
[2026-07-01T00:50:13.032024] Session 51a0c40054e4: [Camera A] Processed 300/1252 frames (24.0%)
[2026-07-01T00:50:14.417828] Session 51a0c40054e4: [Camera A] Processed 400/1252 frames (31.9%)
[2026-07-01T00:50:16.066240] Session 51a0c40054e4: [Camera A] Processed 500/1252 frames (39.9%)
[2026-07-01T00:50:17.664041] Session 51a0c40054e4: [Camera A] Processed 600/1252 frames (47.9%)
[2026-07-01T00:50:19.271830] Session 51a0c40054e4: [Camera A] Processed 700/1252 frames (55.9%)
[2026-07-01T00:50:20.950517] Session 51a0c40054e4: [Camera A] Processed 800/1252 frames (63.9%)
[2026-07-01T00:50:22.601449] Session 51a0c40054e4: [Camera A] Processed 900/1252 frames (71.9%)
[2026-07-01T00:50:24.349513] Session 51a0c40054e4: [Camera A] Processed 1000/1252 frames (79.9%)
[2026-07-01T00:50:26.275293] Session 51a0c40054e4: [Camera A] Processed 1100/1252 frames (87.9%)
[2026-07-01T00:50:28.217087] Session 51a0c40054e4: [Camera A] Processed 1200/1252 frames (95.8%)
[2026-07-01T00:50:29.139543] Session 51a0c40054e4: [Camera A] Finished processing 1252 frames.
[2026-07-01T00:50:29.176833] Session 51a0c40054e4: [Camera B] Processing 308 frames...
[2026-07-01T00:50:35.677440] Session 51a0c40054e4: [Camera B] Processed 100/308 frames (32.5%)
[2026-07-01T00:50:44.983123] Session 51a0c40054e4: [Camera B] Processed 200/308 frames (64.9%)
[2026-07-01T00:50:54.101395] Session 51a0c40054e4: [Camera B] Processed 300/308 frames (97.4%)
[2026-07-01T00:50:54.864734] Session 51a0c40054e4: [Camera B] Finished processing 308 frames.
[2026-07-01T00:50:54.865086] Session 51a0c40054e4: Candidate detection complete, starting 2D tracking...
[2026-07-01T00:51:00.730504] Session 51a0c40054e4: 2D tracking complete. Track A: 19 pts, Track B: 19 pts.
[2026-07-01T00:51:00.730733] Session 51a0c40054e4: Starting 3D triangulation...
[2026-07-01T00:51:00.733265] Session 51a0c40054e4: Triangulated 0 points in 3D.
[2026-07-01T00:51:00.733424] Session 51a0c40054e4: Too few 3D points to fit model.
[2026-07-02T19:55:34.190185] Session a665b54a0560: Starting real processing pipeline
[2026-07-02T19:55:34.191305] Session a665b54a0560: Reading initial background frames for Camera A...
[2026-07-02T19:55:34.386005] Session a665b54a0560: Reading initial background frames for Camera B...
[2026-07-02T19:55:34.574605] Session a665b54a0560: Building background models...
[2026-07-02T19:55:35.796491] Session a665b54a0560: Background modeling complete, starting candidate detection...
[2026-07-02T19:55:35.800826] Session a665b54a0560: [Camera A] Processing 360 frames...
[2026-07-02T19:55:36.929596] Session a665b54a0560: [Camera A] Processed 100/360 frames (27.8%)
[2026-07-02T19:55:37.948716] Session a665b54a0560: [Camera A] Processed 200/360 frames (55.6%)
[2026-07-02T19:55:38.993139] Session a665b54a0560: [Camera A] Processed 300/360 frames (83.3%)
[2026-07-02T19:55:39.696247] Session a665b54a0560: [Camera A] Finished processing 360 frames.
[2026-07-02T19:55:39.700430] Session a665b54a0560: [Camera B] Processing 360 frames...
[2026-07-02T19:55:40.782785] Session a665b54a0560: [Camera B] Processed 100/360 frames (27.8%)
[2026-07-02T19:55:41.792298] Session a665b54a0560: [Camera B] Processed 200/360 frames (55.6%)
[2026-07-02T19:55:42.792101] Session a665b54a0560: [Camera B] Processed 300/360 frames (83.3%)
[2026-07-02T19:55:43.421472] Session a665b54a0560: [Camera B] Finished processing 360 frames.
[2026-07-02T19:55:43.421843] Session a665b54a0560: Candidate detection complete, starting 2D tracking...
[2026-07-02T19:55:43.441353] Session a665b54a0560: 2D tracking complete. Track A: 360 pts, Track B: 360 pts.
[2026-07-02T19:55:43.441596] Session a665b54a0560: Starting 3D triangulation...
[2026-07-02T19:55:43.442278] Session a665b54a0560: Using visual track alignment. Start A: frame 0, Start B: frame 0. Visual offset: 0.000s (0.0 frames).
[2026-07-02T19:55:43.455431] Session a665b54a0560: Triangulated 0 points in 3D.
[2026-07-02T19:55:43.455693] Session a665b54a0560: Too few 3D points to fit model.
[2026-07-06T01:44:06.683610] Session 56b4942734be: Starting real processing pipeline
[2026-07-06T01:44:06.688619] Session 56b4942734be: Transcoding Camera A to constant 240 FPS CFR...
[2026-07-06T01:44:06.844642] Session 56b4942734be: Starting real processing pipeline
[2026-07-06T01:44:06.845946] Session 56b4942734be: Transcoding Camera A to constant 240 FPS CFR...
[2026-07-06T01:46:37.500883] Session 56b4942734be: Transcoding Camera B to constant 240 FPS CFR...
[2026-07-06T01:46:40.144238] Session 56b4942734be: Transcoding Camera B to constant 240 FPS CFR...
[2026-07-06T01:46:50.163626] Session 56b4942734be: Detecting relevant window for Camera A...
[2026-07-06T01:46:53.480553] Session 56b4942734be: Detecting relevant window for Camera A...
[2026-07-06T01:47:24.199525] Session 56b4942734be: Camera A relevant window: 27957 to 29157 (impact: 119.49s)
[2026-07-06T01:47:24.199866] Session 56b4942734be: Detecting relevant window for Camera B...
[2026-07-06T01:47:28.158494] Session 56b4942734be: Camera A relevant window: 27957 to 29157 (impact: 119.49s)
[2026-07-06T01:47:28.161393] Session 56b4942734be: Detecting relevant window for Camera B...
[2026-07-06T01:48:06.157592] Session 56b4942734be: Camera B relevant window: 0 to 1200 (impact: 2.76s)
[2026-07-06T01:48:06.158258] Session 56b4942734be: Reading initial background frames for Camera A...
[2026-07-06T01:48:06.287221] Session 56b4942734be: Camera B relevant window: 0 to 1200 (impact: 2.76s)
[2026-07-06T01:48:06.287725] Session 56b4942734be: Reading initial background frames for Camera A...
[2026-07-06T01:48:06.391089] Session 56b4942734be: Reading initial background frames for Camera B...
[2026-07-06T01:48:06.501754] Session 56b4942734be: Reading initial background frames for Camera B...
[2026-07-06T01:48:06.610008] Session 56b4942734be: Building background models...
[2026-07-06T01:48:06.710171] Session 56b4942734be: Building background models...
[2026-07-06T01:48:08.296317] Session 56b4942734be: Background modeling complete, starting candidate detection...
[2026-07-06T01:48:08.378769] Session 56b4942734be: [Camera A] Processing 1200 frames (from frame 27957 to 29157)...
[2026-07-06T01:48:08.378852] Session 56b4942734be: Background modeling complete, starting candidate detection...
[2026-07-06T01:48:08.400940] Session 56b4942734be: [Camera A] Processing 1200 frames (from frame 27957 to 29157)...
[2026-07-06T01:48:10.368025] Session 56b4942734be: [Camera A] Processed 100/1200 frames (8.3%)
[2026-07-06T01:48:10.370893] Session 56b4942734be: [Camera A] Processed 100/1200 frames (8.3%)
[2026-07-06T01:48:12.136687] Session 56b4942734be: [Camera A] Processed 200/1200 frames (16.7%)
[2026-07-06T01:48:12.182147] Session 56b4942734be: [Camera A] Processed 200/1200 frames (16.7%)
[2026-07-06T01:48:14.051838] Session 56b4942734be: [Camera A] Processed 300/1200 frames (25.0%)
[2026-07-06T01:48:14.347845] Session 56b4942734be: [Camera A] Processed 300/1200 frames (25.0%)
[2026-07-06T01:48:15.919101] Session 56b4942734be: [Camera A] Processed 400/1200 frames (33.3%)
[2026-07-06T01:48:16.141150] Session 56b4942734be: [Camera A] Processed 400/1200 frames (33.3%)
[2026-07-06T01:48:17.627500] Session 56b4942734be: [Camera A] Processed 500/1200 frames (41.7%)
[2026-07-06T01:48:17.898857] Session 56b4942734be: [Camera A] Processed 500/1200 frames (41.7%)
[2026-07-06T01:48:19.343014] Session 56b4942734be: [Camera A] Processed 600/1200 frames (50.0%)
[2026-07-06T01:48:19.633407] Session 56b4942734be: [Camera A] Processed 600/1200 frames (50.0%)
[2026-07-06T01:48:20.900841] Session 56b4942734be: [Camera A] Processed 700/1200 frames (58.3%)
[2026-07-06T01:48:21.198194] Session 56b4942734be: [Camera A] Processed 700/1200 frames (58.3%)
[2026-07-06T01:48:22.474183] Session 56b4942734be: [Camera A] Processed 800/1200 frames (66.7%)
[2026-07-06T01:48:22.818988] Session 56b4942734be: [Camera A] Processed 800/1200 frames (66.7%)
[2026-07-06T01:48:24.116696] Session 56b4942734be: [Camera A] Processed 900/1200 frames (75.0%)
[2026-07-06T01:48:24.536204] Session 56b4942734be: [Camera A] Processed 900/1200 frames (75.0%)
[2026-07-06T01:48:25.766498] Session 56b4942734be: [Camera A] Processed 1000/1200 frames (83.3%)
[2026-07-06T01:48:26.402676] Session 56b4942734be: [Camera A] Processed 1000/1200 frames (83.3%)
[2026-07-06T01:48:27.684088] Session 56b4942734be: [Camera A] Processed 1100/1200 frames (91.7%)
[2026-07-06T01:48:28.385264] Session 56b4942734be: [Camera A] Processed 1100/1200 frames (91.7%)
[2026-07-06T01:48:29.477798] Session 56b4942734be: [Camera A] Processed 1200/1200 frames (100.0%)
[2026-07-06T01:48:29.486083] Session 56b4942734be: [Camera A] Finished processing 1200 frames.
[2026-07-06T01:48:29.507427] Session 56b4942734be: [Camera B] Processing 1200 frames (from frame 0 to 1200)...
[2026-07-06T01:50:56.019669] Session 04e5ef7332ab: Starting real processing pipeline
[2026-07-06T01:50:56.023208] Session 04e5ef7332ab: Transcoding Camera A to constant 240 FPS CFR...
[2026-07-06T01:50:56.801975] Session 04e5ef7332ab: Starting real processing pipeline
[2026-07-06T01:50:56.803407] Session 04e5ef7332ab: Transcoding Camera A to constant 240 FPS CFR...
[2026-07-06T01:53:23.182975] Session 04e5ef7332ab: Transcoding Camera B to constant 240 FPS CFR...
[2026-07-06T01:53:27.782491] Session 04e5ef7332ab: Transcoding Camera B to constant 240 FPS CFR...
[2026-07-06T01:53:33.420764] Session 04e5ef7332ab: Detecting relevant window for Camera A...
[2026-07-06T01:53:39.404547] Session 04e5ef7332ab: Detecting relevant window for Camera A...
[2026-07-06T01:54:05.522848] Session 04e5ef7332ab: Camera A relevant window: 27957 to 29157 (impact: 119.49s)
[2026-07-06T01:54:05.523131] Session 04e5ef7332ab: Detecting relevant window for Camera B...
[2026-07-06T01:54:09.933425] Session 04e5ef7332ab: Camera A relevant window: 27957 to 29157 (impact: 119.49s)
[2026-07-06T01:54:09.933922] Session 04e5ef7332ab: Detecting relevant window for Camera B...
[2026-07-06T01:54:36.565519] Session 04e5ef7332ab: Camera B relevant window: 0 to 1200 (impact: 2.76s)
[2026-07-06T01:54:36.566058] Session 04e5ef7332ab: Reading initial background frames for Camera A...
[2026-07-06T01:54:36.797554] Session 04e5ef7332ab: Reading initial background frames for Camera B...
[2026-07-06T01:54:37.056516] Session 04e5ef7332ab: Building background models...
[2026-07-06T01:54:39.159593] Session 04e5ef7332ab: Camera B relevant window: 0 to 1200 (impact: 2.76s)
[2026-07-06T01:54:39.159905] Session 04e5ef7332ab: Reading initial background frames for Camera A...
[2026-07-06T01:54:39.324427] Session 04e5ef7332ab: Reading initial background frames for Camera B...
[2026-07-06T01:54:39.483538] Session 04e5ef7332ab: Building background models...
[2026-07-06T01:54:39.743819] Session 04e5ef7332ab: Background modeling complete, starting candidate detection...
[2026-07-06T01:54:39.759121] Session 04e5ef7332ab: [Camera A] Processing 1200 frames (from frame 27957 to 29157)...
[2026-07-06T01:54:41.254197] Session 04e5ef7332ab: Background modeling complete, starting candidate detection...
[2026-07-06T01:54:41.275888] Session 04e5ef7332ab: [Camera A] Processing 1200 frames (from frame 27957 to 29157)...
[2026-07-06T01:54:41.623919] Session 04e5ef7332ab: [Camera A] Processed 100/1200 frames (8.3%)
[2026-07-06T01:54:43.563728] Session 04e5ef7332ab: [Camera A] Processed 100/1200 frames (8.3%)
[2026-07-06T01:54:43.596993] Session 04e5ef7332ab: [Camera A] Processed 200/1200 frames (16.7%)
[2026-07-06T01:54:45.446924] Session 04e5ef7332ab: [Camera A] Processed 300/1200 frames (25.0%)
[2026-07-06T01:54:45.493146] Session 04e5ef7332ab: [Camera A] Processed 200/1200 frames (16.7%)
[2026-07-06T01:54:47.155107] Session 04e5ef7332ab: [Camera A] Processed 400/1200 frames (33.3%)
[2026-07-06T01:54:47.245252] Session 04e5ef7332ab: [Camera A] Processed 300/1200 frames (25.0%)
[2026-07-06T01:54:48.754231] Session 04e5ef7332ab: [Camera A] Processed 500/1200 frames (41.7%)
[2026-07-06T01:54:48.856076] Session 04e5ef7332ab: [Camera A] Processed 400/1200 frames (33.3%)
[2026-07-06T01:54:50.427586] Session 04e5ef7332ab: [Camera A] Processed 600/1200 frames (50.0%)
[2026-07-06T01:54:50.595992] Session 04e5ef7332ab: [Camera A] Processed 500/1200 frames (41.7%)
[2026-07-06T01:54:51.933657] Session 04e5ef7332ab: [Camera A] Processed 700/1200 frames (58.3%)
[2026-07-06T01:54:52.090145] Session 04e5ef7332ab: [Camera A] Processed 600/1200 frames (50.0%)
[2026-07-06T01:54:53.563274] Session 04e5ef7332ab: [Camera A] Processed 800/1200 frames (66.7%)
[2026-07-06T01:54:53.750970] Session 04e5ef7332ab: [Camera A] Processed 700/1200 frames (58.3%)
[2026-07-06T01:54:55.154262] Session 04e5ef7332ab: [Camera A] Processed 900/1200 frames (75.0%)
[2026-07-06T01:54:55.343885] Session 04e5ef7332ab: [Camera A] Processed 800/1200 frames (66.7%)
[2026-07-06T01:54:56.630465] Session 04e5ef7332ab: [Camera A] Processed 1000/1200 frames (83.3%)
[2026-07-06T01:54:56.810311] Session 04e5ef7332ab: [Camera A] Processed 900/1200 frames (75.0%)
[2026-07-06T01:54:58.065509] Session 04e5ef7332ab: [Camera A] Processed 1100/1200 frames (91.7%)
[2026-07-06T01:54:58.245459] Session 04e5ef7332ab: [Camera A] Processed 1000/1200 frames (83.3%)
[2026-07-06T01:54:59.477160] Session 04e5ef7332ab: [Camera A] Processed 1200/1200 frames (100.0%)
[2026-07-06T01:54:59.486438] Session 04e5ef7332ab: [Camera A] Finished processing 1200 frames.
[2026-07-06T01:54:59.505344] Session 04e5ef7332ab: [Camera B] Processing 1200 frames (from frame 0 to 1200)...
[2026-07-06T01:54:59.634383] Session 04e5ef7332ab: [Camera A] Processed 1100/1200 frames (91.7%)
[2026-07-06T01:55:00.925056] Session 04e5ef7332ab: [Camera A] Processed 1200/1200 frames (100.0%)
[2026-07-06T01:55:00.933408] Session 04e5ef7332ab: [Camera A] Finished processing 1200 frames.
[2026-07-06T01:55:00.950827] Session 04e5ef7332ab: [Camera B] Processing 1200 frames (from frame 0 to 1200)...
[2026-07-06T01:55:01.410093] Session 04e5ef7332ab: [Camera B] Processed 100/1200 frames (8.3%)
[2026-07-06T01:55:02.627030] Session 04e5ef7332ab: [Camera B] Processed 100/1200 frames (8.3%)
[2026-07-06T01:55:03.308207] Session 04e5ef7332ab: [Camera B] Processed 200/1200 frames (16.7%)
[2026-07-06T01:55:04.477107] Session 04e5ef7332ab: [Camera B] Processed 200/1200 frames (16.7%)
[2026-07-06T01:55:05.814691] Session 04e5ef7332ab: [Camera B] Processed 300/1200 frames (25.0%)
[2026-07-06T01:55:07.187580] Session 04e5ef7332ab: [Camera B] Processed 300/1200 frames (25.0%)
[2026-07-06T01:55:09.542494] Session 04e5ef7332ab: [Camera B] Processed 400/1200 frames (33.3%)
[2026-07-06T01:55:11.204612] Session 04e5ef7332ab: [Camera B] Processed 400/1200 frames (33.3%)
[2026-07-06T01:55:13.626026] Session 04e5ef7332ab: [Camera B] Processed 500/1200 frames (41.7%)
[2026-07-06T01:55:15.190234] Session 04e5ef7332ab: [Camera B] Processed 500/1200 frames (41.7%)
[2026-07-06T01:55:17.573455] Session 04e5ef7332ab: [Camera B] Processed 600/1200 frames (50.0%)
[2026-07-06T01:55:19.283779] Session 04e5ef7332ab: [Camera B] Processed 600/1200 frames (50.0%)
[2026-07-06T01:55:22.041135] Session 04e5ef7332ab: [Camera B] Processed 700/1200 frames (58.3%)
[2026-07-06T01:55:24.164696] Session 04e5ef7332ab: [Camera B] Processed 700/1200 frames (58.3%)
[2026-07-06T01:55:27.391955] Session 04e5ef7332ab: [Camera B] Processed 800/1200 frames (66.7%)
[2026-07-06T01:55:29.541384] Session 04e5ef7332ab: [Camera B] Processed 800/1200 frames (66.7%)
[2026-07-06T01:55:32.928200] Session 04e5ef7332ab: [Camera B] Processed 900/1200 frames (75.0%)
[2026-07-06T01:55:35.150034] Session 04e5ef7332ab: [Camera B] Processed 900/1200 frames (75.0%)
[2026-07-06T01:55:38.427621] Session 04e5ef7332ab: [Camera B] Processed 1000/1200 frames (83.3%)
[2026-07-06T01:55:40.524682] Session 04e5ef7332ab: [Camera B] Processed 1000/1200 frames (83.3%)
[2026-07-06T01:55:43.695843] Session 04e5ef7332ab: [Camera B] Processed 1100/1200 frames (91.7%)
[2026-07-06T01:55:45.842425] Session 04e5ef7332ab: [Camera B] Processed 1100/1200 frames (91.7%)
[2026-07-06T01:55:49.263578] Session 04e5ef7332ab: [Camera B] Processed 1200/1200 frames (100.0%)
[2026-07-06T01:55:49.268972] Session 04e5ef7332ab: [Camera B] Finished processing 1200 frames.
[2026-07-06T01:55:49.269361] Session 04e5ef7332ab: Candidate detection complete, starting 2D tracking...
[2026-07-06T01:55:54.744900] Session 04e5ef7332ab: 2D tracking complete. Track A: 14 pts, Track B: 22 pts.
[2026-07-06T01:55:54.745273] Session 04e5ef7332ab: Starting 3D triangulation...
[2026-07-06T01:55:54.746132] Session 04e5ef7332ab: Using visual track alignment. Start A: frame 28966, Start B: frame 184. Visual offset: 960.359s (28782.0 frames).
[2026-07-06T01:55:54.748448] Session 04e5ef7332ab: Triangulated 0 points in 3D.
[2026-07-06T01:55:54.748611] Session 04e5ef7332ab: Too few 3D points to fit model.
[2026-07-06T01:55:56.239639] Session 04e5ef7332ab: [Camera B] Processed 1200/1200 frames (100.0%)
[2026-07-06T01:55:56.255546] Session 04e5ef7332ab: [Camera B] Finished processing 1200 frames.
[2026-07-06T01:55:56.255965] Session 04e5ef7332ab: Candidate detection complete, starting 2D tracking...
[2026-07-06T01:56:01.809850] Session 04e5ef7332ab: 2D tracking complete. Track A: 14 pts, Track B: 22 pts.
[2026-07-06T01:56:01.810075] Session 04e5ef7332ab: Starting 3D triangulation...
[2026-07-06T01:56:01.810687] Session 04e5ef7332ab: Using visual track alignment. Start A: frame 28966, Start B: frame 184. Visual offset: 960.359s (28782.0 frames).
[2026-07-06T01:56:01.811196] Session 04e5ef7332ab: Triangulated 0 points in 3D.
[2026-07-06T01:56:01.811336] Session 04e5ef7332ab: Too few 3D points to fit model.
[2026-07-06T02:10:45.759248] Session 56bb34d12c3a: Starting real processing pipeline
[2026-07-06T02:10:45.759996] Session 56bb34d12c3a: Transcoding Camera A to constant 240 FPS CFR...
[2026-07-06T02:10:45.769150] Session 56bb34d12c3a: Transcoding Camera A failed: [WinError 2] The system cannot find the file specified
[2026-07-06T02:10:45.842206] Session 56bb34d12c3a: Starting real processing pipeline
[2026-07-06T02:10:45.842838] Session 56bb34d12c3a: Transcoding Camera A to constant 240 FPS CFR...
[2026-07-06T02:10:45.849916] Session 56bb34d12c3a: Transcoding Camera A failed: [WinError 2] The system cannot find the file specified
[2026-07-06T02:12:06.210976] Session 56bb34d12c3a: Starting real processing pipeline
[2026-07-06T02:12:06.212035] Session 56bb34d12c3a: Transcoding Camera A to constant 240 FPS CFR...
[2026-07-06T02:12:06.223067] Session 56bb34d12c3a: Transcoding Camera A failed: [WinError 2] The system cannot find the file specified
[2026-07-06T02:12:06.316255] Session 56bb34d12c3a: Starting real processing pipeline
[2026-07-06T02:12:06.317404] Session 56bb34d12c3a: Transcoding Camera A to constant 240 FPS CFR...
[2026-07-06T02:12:06.326871] Session 56bb34d12c3a: Transcoding Camera A failed: [WinError 2] The system cannot find the file specified
[2026-07-06T02:12:08.004068] Session 56bb34d12c3a: Starting real processing pipeline
[2026-07-06T02:12:08.004800] Session 56bb34d12c3a: Transcoding Camera A to constant 240 FPS CFR...
[2026-07-06T02:12:08.015452] Session 56bb34d12c3a: Transcoding Camera A failed: [WinError 2] The system cannot find the file specified
[2026-07-06T02:12:08.111000] Session 56bb34d12c3a: Starting real processing pipeline
[2026-07-06T02:12:08.111659] Session 56bb34d12c3a: Transcoding Camera A to constant 240 FPS CFR...
[2026-07-06T02:12:08.123252] Session 56bb34d12c3a: Transcoding Camera A failed: [WinError 2] The system cannot find the file specified
[2026-07-06T02:12:19.733904] Session 71f6394503ab: Starting real processing pipeline
[2026-07-06T02:12:19.734571] Session 71f6394503ab: Transcoding Camera A to constant 240 FPS CFR...
[2026-07-06T02:12:19.745791] Session 71f6394503ab: Transcoding Camera A failed: [WinError 2] The system cannot find the file specified
[2026-07-06T02:12:19.909426] Session 71f6394503ab: Starting real processing pipeline
[2026-07-06T02:12:19.910062] Session 71f6394503ab: Transcoding Camera A to constant 240 FPS CFR...
[2026-07-06T02:12:19.919637] Session 71f6394503ab: Transcoding Camera A failed: [WinError 2] The system cannot find the file specified
[2026-07-06T02:13:53.578937] Session d802f86cb003: Starting real processing pipeline
[2026-07-06T02:13:53.579618] Session d802f86cb003: Transcoding Camera A to constant 240 FPS CFR...
[2026-07-06T02:13:53.589906] Session d802f86cb003: Transcoding Camera A failed: [WinError 2] The system cannot find the file specified
[2026-07-06T02:13:53.672058] Session d802f86cb003: Starting real processing pipeline
[2026-07-06T02:13:53.672782] Session d802f86cb003: Transcoding Camera A to constant 240 FPS CFR...
[2026-07-06T02:13:53.682142] Session d802f86cb003: Transcoding Camera A failed: [WinError 2] The system cannot find the file specified
[2026-07-06T02:19:00.363635] Session 440209b65b12: Starting real processing pipeline
[2026-07-06T02:19:00.365246] Session 440209b65b12: Transcoding Camera A to constant 240 FPS CFR...
[2026-07-06T02:19:00.410549] Session 440209b65b12: Transcoding Camera A failed: Command '['E:\\ffmpeg\\ffmpeg-2026-07-02-git-95a888b9ca-full_build\\bin\\ffmpeg.exe', '-y', '-i', 'E:\\Golfie\\golfie\\data\\shots\\440209b65b12\\camera_a.mp4', '-r', '240.0', '-vsync', 'cfr', '-vcodec', 'libx264', '-preset', 'ultrafast', '-crf', '23', '-an', 'E:\\Golfie\\golfie\\data\\shots\\440209b65b12\\camera_a_cfr.mp4']' returned non-zero exit status 2880417800.
[2026-07-06T02:19:00.523866] Session 440209b65b12: Starting real processing pipeline
[2026-07-06T02:19:00.524457] Session 440209b65b12: Transcoding Camera A to constant 240 FPS CFR...
[2026-07-06T02:19:00.555866] Session 440209b65b12: Transcoding Camera A failed: Command '['E:\\ffmpeg\\ffmpeg-2026-07-02-git-95a888b9ca-full_build\\bin\\ffmpeg.exe', '-y', '-i', 'E:\\Golfie\\golfie\\data\\shots\\440209b65b12\\camera_a.mp4', '-r', '240.0', '-vsync', 'cfr', '-vcodec', 'libx264', '-preset', 'ultrafast', '-crf', '23', '-an', 'E:\\Golfie\\golfie\\data\\shots\\440209b65b12\\camera_a_cfr.mp4']' returned non-zero exit status 2880417800.
[2026-07-06T02:20:03.100675] Session b80584c4018b: Starting real processing pipeline
[2026-07-06T02:20:03.101803] Session b80584c4018b: Transcoding Camera A to constant 240 FPS CFR...
[2026-07-06T02:20:03.160176] Session b80584c4018b: Transcoding Camera A failed: Command '['E:\\ffmpeg\\ffmpeg-2026-07-02-git-95a888b9ca-full_build\\bin\\ffmpeg.exe', '-y', '-i', 'E:\\Golfie\\golfie\\data\\shots\\b80584c4018b\\camera_a.mp4', '-r', '240.0', '-vsync', 'cfr', '-vcodec', 'libx264', '-preset', 'ultrafast', '-crf', '23', '-an', 'E:\\Golfie\\golfie\\data\\shots\\b80584c4018b\\camera_a_cfr.mp4']' returned non-zero exit status 2880417800.
[2026-07-06T02:20:03.266910] Session b80584c4018b: Starting real processing pipeline
[2026-07-06T02:20:03.267514] Session b80584c4018b: Transcoding Camera A to constant 240 FPS CFR...
[2026-07-06T02:20:03.299558] Session b80584c4018b: Transcoding Camera A failed: Command '['E:\\ffmpeg\\ffmpeg-2026-07-02-git-95a888b9ca-full_build\\bin\\ffmpeg.exe', '-y', '-i', 'E:\\Golfie\\golfie\\data\\shots\\b80584c4018b\\camera_a.mp4', '-r', '240.0', '-vsync', 'cfr', '-vcodec', 'libx264', '-preset', 'ultrafast', '-crf', '23', '-an', 'E:\\Golfie\\golfie\\data\\shots\\b80584c4018b\\camera_a_cfr.mp4']' returned non-zero exit status 2880417800.
[2026-07-06T02:20:41.748977] Session 9c82b03cbdb4: Starting real processing pipeline
[2026-07-06T02:20:41.751547] Session 9c82b03cbdb4: Transcoding Camera A to constant 240 FPS CFR...
[2026-07-06T02:20:41.798696] Session 9c82b03cbdb4: Transcoding Camera A failed: Command '['E:\\ffmpeg\\ffmpeg-2026-07-02-git-95a888b9ca-full_build\\bin\\ffmpeg.exe', '-y', '-i', 'E:\\Golfie\\golfie\\data\\shots\\9c82b03cbdb4\\camera_a.mp4', '-r', '240.0', '-vsync', 'cfr', '-vcodec', 'libx264', '-preset', 'ultrafast', '-crf', '23', '-an', 'E:\\Golfie\\golfie\\data\\shots\\9c82b03cbdb4\\camera_a_cfr.mp4']' returned non-zero exit status 2880417800.
[2026-07-06T02:20:41.903714] Session 9c82b03cbdb4: Starting real processing pipeline
[2026-07-06T02:20:41.904382] Session 9c82b03cbdb4: Transcoding Camera A to constant 240 FPS CFR...
[2026-07-06T02:20:41.936082] Session 9c82b03cbdb4: Transcoding Camera A failed: Command '['E:\\ffmpeg\\ffmpeg-2026-07-02-git-95a888b9ca-full_build\\bin\\ffmpeg.exe', '-y', '-i', 'E:\\Golfie\\golfie\\data\\shots\\9c82b03cbdb4\\camera_a.mp4', '-r', '240.0', '-vsync', 'cfr', '-vcodec', 'libx264', '-preset', 'ultrafast', '-crf', '23', '-an', 'E:\\Golfie\\golfie\\data\\shots\\9c82b03cbdb4\\camera_a_cfr.mp4']' returned non-zero exit status 2880417800.
[2026-07-06T02:21:15.389253] Session 9c82b03cbdb4: Starting real processing pipeline
[2026-07-06T02:21:15.392628] Session 9c82b03cbdb4: Transcoding Camera A to constant 240 FPS CFR...
[2026-07-06T02:21:16.016699] Session 9c82b03cbdb4: Starting real processing pipeline
[2026-07-06T02:21:16.018608] Session 9c82b03cbdb4: Transcoding Camera A to constant 240 FPS CFR...
[2026-07-06T02:21:32.105169] Session 8fc3f1d55c4e: Starting real processing pipeline
[2026-07-06T02:21:32.106012] Session 8fc3f1d55c4e: Transcoding Camera A to constant 240 FPS CFR...
[2026-07-06T02:21:33.698951] Session 8fc3f1d55c4e: Starting real processing pipeline
[2026-07-06T02:21:33.701919] Session 8fc3f1d55c4e: Transcoding Camera A to constant 240 FPS CFR...
[2026-07-06T02:24:43.246324] Session 9c82b03cbdb4: Transcoding Camera A failed: Command '['E:\\ffmpeg\\ffmpeg-2026-07-02-git-95a888b9ca-full_build\\bin\\ffmpeg.exe', '-y', '-i', 'E:\\Golfie\\golfie\\data\\shots\\9c82b03cbdb4\\camera_a.mp4', '-r', '240.0', '-fps_mode', 'cfr', '-vcodec', 'libx264', '-preset', 'ultrafast', '-crf', '23', '-an', 'E:\\Golfie\\golfie\\data\\shots\\9c82b03cbdb4\\camera_a_cfr.mp4']' returned non-zero exit status 255.
[2026-07-06T02:24:43.434747] Session 8fc3f1d55c4e: Transcoding Camera A failed: Command '['E:\\ffmpeg\\ffmpeg-2026-07-02-git-95a888b9ca-full_build\\bin\\ffmpeg.exe', '-y', '-i', 'E:\\Golfie\\golfie\\data\\shots\\8fc3f1d55c4e\\camera_a.mp4', '-r', '240.0', '-fps_mode', 'cfr', '-vcodec', 'libx264', '-preset', 'ultrafast', '-crf', '23', '-an', 'E:\\Golfie\\golfie\\data\\shots\\8fc3f1d55c4e\\camera_a_cfr.mp4']' returned non-zero exit status 255.
[2026-07-06T02:24:43.440276] Session 8fc3f1d55c4e: Transcoding Camera A failed: Command '['E:\\ffmpeg\\ffmpeg-2026-07-02-git-95a888b9ca-full_build\\bin\\ffmpeg.exe', '-y', '-i', 'E:\\Golfie\\golfie\\data\\shots\\8fc3f1d55c4e\\camera_a.mp4', '-r', '240.0', '-fps_mode', 'cfr', '-vcodec', 'libx264', '-preset', 'ultrafast', '-crf', '23', '-an', 'E:\\Golfie\\golfie\\data\\shots\\8fc3f1d55c4e\\camera_a_cfr.mp4']' returned non-zero exit status 255.
[2026-07-06T02:24:43.506681] Session 9c82b03cbdb4: Transcoding Camera A failed: Command '['E:\\ffmpeg\\ffmpeg-2026-07-02-git-95a888b9ca-full_build\\bin\\ffmpeg.exe', '-y', '-i', 'E:\\Golfie\\golfie\\data\\shots\\9c82b03cbdb4\\camera_a.mp4', '-r', '240.0', '-fps_mode', 'cfr', '-vcodec', 'libx264', '-preset', 'ultrafast', '-crf', '23', '-an', 'E:\\Golfie\\golfie\\data\\shots\\9c82b03cbdb4\\camera_a_cfr.mp4']' returned non-zero exit status 255.
[2026-07-06T02:25:57.713093] Session 46f8e971ddd4: Starting real processing pipeline
[2026-07-06T02:25:57.715128] Session 46f8e971ddd4: Transcoding Camera A to constant 240 FPS CFR...
[2026-07-06T02:25:57.862333] Session 46f8e971ddd4: Starting real processing pipeline
[2026-07-06T02:25:57.863304] Session 46f8e971ddd4: Transcoding Camera A to constant 240 FPS CFR...
[2026-07-06T02:25:58.890859] Session 46f8e971ddd4: [Camera A] Transcoding: 0% (0.6s / 148.7s)
[2026-07-06T02:25:59.205329] Session 46f8e971ddd4: [Camera A] Transcoding: 0% (0.4s / 148.7s)
[2026-07-06T02:25:59.418736] Session 46f8e971ddd4: [Camera A] Transcoding: 1% (1.0s / 148.7s)
[2026-07-06T02:25:59.752570] Session 46f8e971ddd4: [Camera A] Transcoding: 1% (1.1s / 148.7s)
[2026-07-06T02:26:00.906763] Session 46f8e971ddd4: [Camera A] Transcoding: 2% (2.4s / 148.7s)
[2026-07-06T02:26:01.064122] Session 46f8e971ddd4: [Camera A] Transcoding: 2% (2.5s / 148.7s)
[2026-07-06T02:26:02.523915] Session 46f8e971ddd4: [Camera A] Transcoding: 3% (4.0s / 148.7s)
[2026-07-06T02:26:02.564615] Session 46f8e971ddd4: [Camera A] Transcoding: 3% (4.2s / 148.7s)
[2026-07-06T02:26:03.705259] Session 46f8e971ddd4: [Camera A] Transcoding: 4% (5.3s / 148.7s)
[2026-07-06T02:26:04.107982] Session 46f8e971ddd4: [Camera A] Transcoding: 4% (5.6s / 148.7s)
[2026-07-06T02:26:05.307999] Session 46f8e971ddd4: [Camera A] Transcoding: 5% (7.0s / 148.7s)
[2026-07-06T02:26:05.697751] Session 46f8e971ddd4: [Camera A] Transcoding: 5% (7.2s / 148.7s)
[2026-07-06T02:26:06.744615] Session 46f8e971ddd4: [Camera A] Transcoding: 6% (8.2s / 148.7s)
[2026-07-06T02:26:06.893125] Session 46f8e971ddd4: [Camera A] Transcoding: 6% (8.6s / 148.7s)
[2026-07-06T02:26:08.465222] Session 46f8e971ddd4: [Camera A] Transcoding: 7% (10.0s / 148.7s)
[2026-07-06T02:26:08.834837] Session 46f8e971ddd4: [Camera A] Transcoding: 7% (10.1s / 148.7s)
[2026-07-06T02:26:09.889946] Session 46f8e971ddd4: [Camera A] Transcoding: 8% (11.3s / 148.7s)
[2026-07-06T02:26:10.052625] Session 46f8e971ddd4: [Camera A] Transcoding: 8% (11.6s / 148.7s)
[2026-07-06T02:26:11.100111] Session 46f8e971ddd4: [Camera A] Transcoding: 9% (12.7s / 148.7s)
[2026-07-06T02:26:11.474999] Session 46f8e971ddd4: [Camera A] Transcoding: 9% (12.8s / 148.7s)
[2026-07-06T02:26:13.229334] Session 46f8e971ddd4: [Camera A] Transcoding: 10% (14.3s / 148.7s)
[2026-07-06T02:26:13.675449] Session 46f8e971ddd4: [Camera A] Transcoding: 10% (14.5s / 148.7s)
[2026-07-06T02:26:14.726257] Session 46f8e971ddd4: [Camera A] Transcoding: 11% (15.7s / 148.7s)
[2026-07-06T02:26:14.808489] Session 46f8e971ddd4: [Camera A] Transcoding: 11% (16.1s / 148.7s)
[2026-07-06T02:26:15.848923] Session 46f8e971ddd4: [Camera A] Transcoding: 12% (17.3s / 148.7s)
[2026-07-06T02:26:16.305198] Session 46f8e971ddd4: [Camera A] Transcoding: 12% (17.4s / 148.7s)
[2026-07-06T02:26:17.409154] Session 46f8e971ddd4: [Camera A] Transcoding: 13% (18.9s / 148.7s)
[2026-07-06T02:26:17.889062] Session 46f8e971ddd4: [Camera A] Transcoding: 13% (19.1s / 148.7s)
[2026-07-06T02:26:19.015035] Session 46f8e971ddd4: [Camera A] Transcoding: 14% (20.4s / 148.7s)
[2026-07-06T02:26:19.501402] Session 46f8e971ddd4: [Camera A] Transcoding: 14% (20.5s / 148.7s)
[2026-07-06T02:26:20.613037] Session 46f8e971ddd4: [Camera A] Transcoding: 15% (21.8s / 148.7s)
[2026-07-06T02:26:21.087528] Session 46f8e971ddd4: [Camera A] Transcoding: 15% (21.9s / 148.7s)
[2026-07-06T02:26:22.189884] Session 46f8e971ddd4: [Camera A] Transcoding: 16% (23.3s / 148.7s)
[2026-07-06T02:26:22.669447] Session 46f8e971ddd4: [Camera A] Transcoding: 16% (23.3s / 148.7s)
[2026-07-06T02:26:23.769657] Session 46f8e971ddd4: [Camera A] Transcoding: 17% (24.8s / 148.7s)
[2026-07-06T02:26:24.283461] Session 46f8e971ddd4: [Camera A] Transcoding: 17% (24.8s / 148.7s)
[2026-07-06T02:26:25.339338] Session 46f8e971ddd4: [Camera A] Transcoding: 18% (26.3s / 148.7s)
[2026-07-06T02:26:25.877024] Session 46f8e971ddd4: [Camera A] Transcoding: 18% (26.6s / 148.7s)
[2026-07-06T02:26:26.917747] Session 46f8e971ddd4: [Camera A] Transcoding: 19% (28.1s / 148.7s)
[2026-07-06T02:26:26.939040] Session 46f8e971ddd4: [Camera A] Transcoding: 19% (27.7s / 148.7s)
[2026-07-06T02:26:27.963444] Session 46f8e971ddd4: [Camera A] Transcoding: 20% (29.1s / 148.7s)
[2026-07-06T02:26:28.517864] Session 46f8e971ddd4: [Camera A] Transcoding: 20% (29.4s / 148.7s)
[2026-07-06T02:26:29.550612] Session 46f8e971ddd4: [Camera A] Transcoding: 21% (30.8s / 148.7s)
[2026-07-06T02:26:30.087016] Session 46f8e971ddd4: [Camera A] Transcoding: 21% (30.8s / 148.7s)
[2026-07-06T02:26:31.154629] Session 46f8e971ddd4: [Camera A] Transcoding: 22% (32.4s / 148.7s)
[2026-07-06T02:26:31.684140] Session 46f8e971ddd4: [Camera A] Transcoding: 22% (32.5s / 148.7s)
[2026-07-06T02:26:32.203956] Session 46f8e971ddd4: [Camera A] Transcoding: 23% (33.5s / 148.7s)
[2026-07-06T02:26:32.731344] Session 46f8e971ddd4: [Camera A] Transcoding: 23% (33.7s / 148.7s)
[2026-07-06T02:26:33.785932] Session 46f8e971ddd4: [Camera A] Transcoding: 24% (35.4s / 148.7s)
[2026-07-06T02:26:33.786016] Session 46f8e971ddd4: [Camera A] Transcoding: 24% (35.0s / 148.7s)
[2026-07-06T02:26:34.841136] Session 46f8e971ddd4: [Camera A] Transcoding: 25% (36.5s / 148.7s)
[2026-07-06T02:26:35.365053] Session 46f8e971ddd4: [Camera A] Transcoding: 25% (36.6s / 148.7s)
[2026-07-06T02:26:36.421153] Session 46f8e971ddd4: [Camera A] Transcoding: 26% (38.2s / 148.7s)
[2026-07-06T02:26:36.945039] Session 46f8e971ddd4: [Camera A] Transcoding: 26% (38.4s / 148.7s)
[2026-07-06T02:26:37.460351] Session 46f8e971ddd4: [Camera A] Transcoding: 27% (39.5s / 148.7s)
[2026-07-06T02:26:37.984172] Session 46f8e971ddd4: [Camera A] Transcoding: 27% (39.6s / 148.7s)
[2026-07-06T02:26:39.041131] Session 46f8e971ddd4: [Camera A] Transcoding: 28% (41.2s / 148.7s)
[2026-07-06T02:26:39.566933] Session 46f8e971ddd4: [Camera A] Transcoding: 28% (41.5s / 148.7s)
[2026-07-06T02:26:40.606910] Session 46f8e971ddd4: [Camera A] Transcoding: 29% (42.9s / 148.7s)
[2026-07-06T02:26:40.606976] Session 46f8e971ddd4: [Camera A] Transcoding: 29% (42.5s / 148.7s)
[2026-07-06T02:26:41.646429] Session 46f8e971ddd4: [Camera A] Transcoding: 30% (44.1s / 148.7s)
[2026-07-06T02:26:42.168690] Session 46f8e971ddd4: [Camera A] Transcoding: 30% (44.3s / 148.7s)
[2026-07-06T02:26:43.244706] Session 46f8e971ddd4: [Camera A] Transcoding: 31% (45.9s / 148.7s)
[2026-07-06T02:26:43.244781] Session 46f8e971ddd4: [Camera A] Transcoding: 31% (45.5s / 148.7s)
[2026-07-06T02:26:44.183065] Session 46f8e971ddd4: [Camera A] Transcoding: 32% (47.0s / 148.7s)
[2026-07-06T02:26:44.606265] Session 46f8e971ddd4: [Camera A] Transcoding: 32% (47.2s / 148.7s)
[2026-07-06T02:26:45.833996] Session 46f8e971ddd4: [Camera A] Transcoding: 33% (48.7s / 148.7s)
[2026-07-06T02:26:46.372434] Session 46f8e971ddd4: [Camera A] Transcoding: 33% (48.7s / 148.7s)
[2026-07-06T02:26:46.898931] Session 46f8e971ddd4: [Camera A] Transcoding: 34% (49.8s / 148.7s)
[2026-07-06T02:26:47.412737] Session 46f8e971ddd4: [Camera A] Transcoding: 34% (49.9s / 148.7s)
[2026-07-06T02:26:48.473942] Session 46f8e971ddd4: [Camera A] Transcoding: 35% (51.5s / 148.7s)
[2026-07-06T02:26:48.999054] Session 46f8e971ddd4: [Camera A] Transcoding: 35% (51.5s / 148.7s)
[2026-07-06T02:26:50.063208] Session 46f8e971ddd4: [Camera A] Transcoding: 36% (53.1s / 148.7s)
[2026-07-06T02:26:50.586357] Session 46f8e971ddd4: [Camera A] Transcoding: 36% (53.2s / 148.7s)
[2026-07-06T02:26:51.619592] Session 46f8e971ddd4: [Camera A] Transcoding: 37% (54.6s / 148.7s)
[2026-07-06T02:26:52.147733] Session 46f8e971ddd4: [Camera A] Transcoding: 37% (54.7s / 148.7s)
[2026-07-06T02:26:52.671913] Session 46f8e971ddd4: [Camera A] Transcoding: 38% (55.8s / 148.7s)
[2026-07-06T02:26:53.204859] Session 46f8e971ddd4: [Camera A] Transcoding: 38% (55.9s / 148.7s)
[2026-07-06T02:26:54.271956] Session 46f8e971ddd4: [Camera A] Transcoding: 39% (57.5s / 148.7s)
[2026-07-06T02:26:54.794885] Session 46f8e971ddd4: [Camera A] Transcoding: 39% (57.6s / 148.7s)
[2026-07-06T02:26:55.833175] Session 46f8e971ddd4: [Camera A] Transcoding: 40% (58.8s / 148.7s)
[2026-07-06T02:26:55.855858] Session 46f8e971ddd4: [Camera A] Transcoding: 40% (59.3s / 148.7s)
[2026-07-06T02:26:56.911009] Session 46f8e971ddd4: [Camera A] Transcoding: 41% (60.4s / 148.7s)
[2026-07-06T02:26:57.403301] Session 46f8e971ddd4: [Camera A] Transcoding: 41% (60.5s / 148.7s)
[2026-07-06T02:26:58.472891] Session 46f8e971ddd4: [Camera A] Transcoding: 42% (62.1s / 148.7s)
[2026-07-06T02:26:58.966394] Session 46f8e971ddd4: [Camera A] Transcoding: 42% (62.1s / 148.7s)
[2026-07-06T02:26:59.529657] Session 46f8e971ddd4: [Camera A] Transcoding: 43% (63.3s / 148.7s)
[2026-07-06T02:27:00.030179] Session 46f8e971ddd4: [Camera A] Transcoding: 43% (63.2s / 148.7s)
[2026-07-06T02:27:01.097054] Session 46f8e971ddd4: [Camera A] Transcoding: 44% (65.0s / 148.7s)
[2026-07-06T02:27:01.612010] Session 46f8e971ddd4: [Camera A] Transcoding: 44% (64.9s / 148.7s)
[2026-07-06T02:27:02.674989] Session 46f8e971ddd4: [Camera A] Transcoding: 45% (66.7s / 148.7s)
[2026-07-06T02:27:03.189085] Session 46f8e971ddd4: [Camera A] Transcoding: 45% (66.6s / 148.7s)
[2026-07-06T02:27:03.719416] Session 46f8e971ddd4: [Camera A] Transcoding: 46% (67.9s / 148.7s)
[2026-07-06T02:27:04.244469] Session 46f8e971ddd4: [Camera A] Transcoding: 46% (67.7s / 148.7s)
[2026-07-06T02:27:05.282118] Session 46f8e971ddd4: [Camera A] Transcoding: 47% (69.5s / 148.7s)
[2026-07-06T02:27:05.803389] Session 46f8e971ddd4: [Camera A] Transcoding: 47% (69.5s / 148.7s)
[2026-07-06T02:27:06.329920] Session 46f8e971ddd4: [Camera A] Transcoding: 48% (70.7s / 148.7s)
[2026-07-06T02:27:07.381617] Session 46f8e971ddd4: [Camera A] Transcoding: 48% (71.2s / 148.7s)
[2026-07-06T02:27:07.909728] Session 46f8e971ddd4: [Camera A] Transcoding: 49% (72.2s / 148.7s)
[2026-07-06T02:27:08.435533] Session 46f8e971ddd4: [Camera A] Transcoding: 49% (72.3s / 148.7s)
[2026-07-06T02:27:09.507474] Session 46f8e971ddd4: [Camera A] Transcoding: 50% (73.8s / 148.7s)
[2026-07-06T02:27:10.022492] Session 46f8e971ddd4: [Camera A] Transcoding: 50% (73.9s / 148.7s)
[2026-07-06T02:27:11.070904] Session 46f8e971ddd4: [Camera A] Transcoding: 51% (75.4s / 148.7s)
[2026-07-06T02:27:11.593180] Session 46f8e971ddd4: [Camera A] Transcoding: 51% (75.5s / 148.7s)
[2026-07-06T02:27:12.648589] Session 46f8e971ddd4: [Camera A] Transcoding: 52% (77.1s / 148.7s)
[2026-07-06T02:27:12.648651] Session 46f8e971ddd4: [Camera A] Transcoding: 52% (76.7s / 148.7s)
[2026-07-06T02:27:13.698759] Session 46f8e971ddd4: [Camera A] Transcoding: 53% (78.2s / 148.7s)
[2026-07-06T02:27:14.216296] Session 46f8e971ddd4: [Camera A] Transcoding: 53% (78.2s / 148.7s)
[2026-07-06T02:27:15.286444] Session 46f8e971ddd4: [Camera A] Transcoding: 54% (79.8s / 148.7s)
[2026-07-06T02:27:15.806327] Session 46f8e971ddd4: [Camera A] Transcoding: 54% (79.9s / 148.7s)
[2026-07-06T02:27:16.864200] Session 46f8e971ddd4: [Camera A] Transcoding: 55% (81.6s / 148.7s)
[2026-07-06T02:27:16.870047] Session 46f8e971ddd4: [Camera A] Transcoding: 55% (81.1s / 148.7s)
[2026-07-06T02:27:17.938588] Session 46f8e971ddd4: [Camera A] Transcoding: 56% (82.8s / 148.7s)
[2026-07-06T02:27:18.465659] Session 46f8e971ddd4: [Camera A] Transcoding: 56% (82.8s / 148.7s)
[2026-07-06T02:27:18.988719] Session 46f8e971ddd4: [Camera A] Transcoding: 57% (84.0s / 148.7s)
[2026-07-06T02:27:20.049103] Session 46f8e971ddd4: [Camera A] Transcoding: 57% (84.6s / 148.7s)
[2026-07-06T02:27:20.576622] Session 46f8e971ddd4: [Camera A] Transcoding: 58% (85.8s / 148.7s)
[2026-07-06T02:27:21.106370] Session 46f8e971ddd4: [Camera A] Transcoding: 58% (85.8s / 148.7s)
[2026-07-06T02:27:21.634931] Session 46f8e971ddd4: [Camera A] Transcoding: 59% (87.1s / 148.7s)
[2026-07-06T02:27:22.153880] Session 46f8e971ddd4: [Camera A] Transcoding: 59% (87.0s / 148.7s)
[2026-07-06T02:27:23.217652] Session 46f8e971ddd4: [Camera A] Transcoding: 60% (88.8s / 148.7s)
[2026-07-06T02:27:23.751627] Session 46f8e971ddd4: [Camera A] Transcoding: 60% (88.8s / 148.7s)
[2026-07-06T02:27:24.794627] Session 46f8e971ddd4: [Camera A] Transcoding: 61% (90.6s / 148.7s)
[2026-07-06T02:27:24.794690] Session 46f8e971ddd4: [Camera A] Transcoding: 61% (90.1s / 148.7s)
[2026-07-06T02:27:25.855279] Session 46f8e971ddd4: [Camera A] Transcoding: 62% (91.9s / 148.7s)
[2026-07-06T02:27:26.382203] Session 46f8e971ddd4: [Camera A] Transcoding: 62% (91.8s / 148.7s)
[2026-07-06T02:27:26.898201] Session 46f8e971ddd4: [Camera A] Transcoding: 63% (93.0s / 148.7s)
[2026-07-06T02:27:27.956968] Session 46f8e971ddd4: [Camera A] Transcoding: 63% (93.4s / 148.7s)
[2026-07-06T02:27:28.473100] Session 46f8e971ddd4: [Camera A] Transcoding: 64% (94.8s / 148.7s)
[2026-07-06T02:27:29.004475] Session 46f8e971ddd4: [Camera A] Transcoding: 64% (94.5s / 148.7s)
[2026-07-06T02:27:30.035196] Session 46f8e971ddd4: [Camera A] Transcoding: 65% (96.5s / 148.7s)
[2026-07-06T02:27:30.561916] Session 46f8e971ddd4: [Camera A] Transcoding: 65% (96.3s / 148.7s)
[2026-07-06T02:27:31.099649] Session 46f8e971ddd4: [Camera A] Transcoding: 66% (97.7s / 148.7s)
[2026-07-06T02:27:31.622232] Session 46f8e971ddd4: [Camera A] Transcoding: 66% (97.4s / 148.7s)
[2026-07-06T02:27:32.667776] Session 46f8e971ddd4: [Camera A] Transcoding: 67% (99.5s / 148.7s)
[2026-07-06T02:27:33.196679] Session 46f8e971ddd4: [Camera A] Transcoding: 67% (99.2s / 148.7s)
[2026-07-06T02:27:33.709013] Session 46f8e971ddd4: [Camera A] Transcoding: 68% (100.6s / 148.7s)
[2026-07-06T02:27:34.770405] Session 46f8e971ddd4: [Camera A] Transcoding: 68% (100.7s / 148.7s)
[2026-07-06T02:27:35.292762] Session 46f8e971ddd4: [Camera A] Transcoding: 69% (102.0s / 148.7s)
[2026-07-06T02:27:36.343008] Session 46f8e971ddd4: [Camera A] Transcoding: 69% (102.3s / 148.7s)
[2026-07-06T02:27:36.878837] Session 46f8e971ddd4: [Camera A] Transcoding: 70% (103.7s / 148.7s)
[2026-07-06T02:27:37.477905] Session 46f8e971ddd4: [Camera A] Transcoding: 70% (103.5s / 148.7s)
[2026-07-06T02:27:38.546530] Session 46f8e971ddd4: [Camera A] Transcoding: 71% (105.2s / 148.7s)
[2026-07-06T02:27:39.080723] Session 46f8e971ddd4: [Camera A] Transcoding: 71% (105.2s / 148.7s)
[2026-07-06T02:27:39.606523] Session 46f8e971ddd4: [Camera A] Transcoding: 72% (106.3s / 148.7s)
[2026-07-06T02:27:40.672984] Session 46f8e971ddd4: [Camera A] Transcoding: 72% (106.6s / 148.7s)
[2026-07-06T02:27:41.196422] Session 46f8e971ddd4: [Camera A] Transcoding: 73% (107.9s / 148.7s)
[2026-07-06T02:27:42.284086] Session 46f8e971ddd4: [Camera A] Transcoding: 73% (108.1s / 148.7s)
[2026-07-06T02:27:42.825729] Session 46f8e971ddd4: [Camera A] Transcoding: 74% (109.5s / 148.7s)
[2026-07-06T02:27:43.882643] Session 46f8e971ddd4: [Camera A] Transcoding: 74% (109.7s / 148.7s)
[2026-07-06T02:27:44.449003] Session 46f8e971ddd4: [Camera A] Transcoding: 75% (111.2s / 148.7s)
[2026-07-06T02:27:45.501971] Session 46f8e971ddd4: [Camera A] Transcoding: 75% (110.9s / 148.7s)
[2026-07-06T02:27:46.027810] Session 46f8e971ddd4: [Camera A] Transcoding: 76% (112.4s / 148.7s)
[2026-07-06T02:27:47.082586] Session 46f8e971ddd4: [Camera A] Transcoding: 76% (112.3s / 148.7s)
[2026-07-06T02:27:47.605492] Session 46f8e971ddd4: [Camera A] Transcoding: 77% (114.0s / 148.7s)
[2026-07-06T02:27:48.661341] Session 46f8e971ddd4: [Camera A] Transcoding: 77% (113.8s / 148.7s)
[2026-07-06T02:27:49.177762] Session 46f8e971ddd4: [Camera A] Transcoding: 78% (115.4s / 148.7s)
[2026-07-06T02:27:50.258537] Session 46f8e971ddd4: [Camera A] Transcoding: 78% (115.4s / 148.7s)
[2026-07-06T02:27:50.769421] Session 46f8e971ddd4: [Camera A] Transcoding: 79% (117.0s / 148.7s)
[2026-07-06T02:27:51.833709] Session 46f8e971ddd4: [Camera A] Transcoding: 79% (117.0s / 148.7s)
[2026-07-06T02:27:52.346588] Session 46f8e971ddd4: [Camera A] Transcoding: 80% (118.7s / 148.7s)
[2026-07-06T02:27:53.400153] Session 46f8e971ddd4: [Camera A] Transcoding: 80% (118.5s / 148.7s)
[2026-07-06T02:27:53.924152] Session 46f8e971ddd4: [Camera A] Transcoding: 81% (120.2s / 148.7s)
[2026-07-06T02:27:54.973077] Session 46f8e971ddd4: [Camera A] Transcoding: 82% (121.4s / 148.7s)
[2026-07-06T02:27:54.973131] Session 46f8e971ddd4: [Camera A] Transcoding: 81% (120.1s / 148.7s)
[2026-07-06T02:27:56.550435] Session 46f8e971ddd4: [Camera A] Transcoding: 83% (123.2s / 148.7s)
[2026-07-06T02:27:56.550502] Session 46f8e971ddd4: [Camera A] Transcoding: 82% (121.7s / 148.7s)
[2026-07-06T02:27:57.606048] Session 46f8e971ddd4: [Camera A] Transcoding: 84% (124.3s / 148.7s)
[2026-07-06T02:27:57.608424] Session 46f8e971ddd4: [Camera A] Transcoding: 83% (123.0s / 148.7s)
[2026-07-06T02:27:59.182132] Session 46f8e971ddd4: [Camera A] Transcoding: 85% (125.9s / 148.7s)
[2026-07-06T02:27:59.182189] Session 46f8e971ddd4: [Camera A] Transcoding: 84% (124.5s / 148.7s)
[2026-07-06T02:28:00.760715] Session 46f8e971ddd4: [Camera A] Transcoding: 86% (127.5s / 148.7s)
[2026-07-06T02:28:00.761801] Session 46f8e971ddd4: [Camera A] Transcoding: 85% (126.2s / 148.7s)
[2026-07-06T02:28:01.809652] Session 46f8e971ddd4: [Camera A] Transcoding: 86% (127.2s / 148.7s)
[2026-07-06T02:28:02.335165] Session 46f8e971ddd4: [Camera A] Transcoding: 87% (129.2s / 148.7s)
[2026-07-06T02:28:03.382806] Session 46f8e971ddd4: [Camera A] Transcoding: 88% (130.3s / 148.7s)
[2026-07-06T02:28:03.400608] Session 46f8e971ddd4: [Camera A] Transcoding: 87% (129.0s / 148.7s)
[2026-07-06T02:28:04.960092] Session 46f8e971ddd4: [Camera A] Transcoding: 89% (131.9s / 148.7s)
[2026-07-06T02:28:04.984790] Session 46f8e971ddd4: [Camera A] Transcoding: 88% (130.5s / 148.7s)
[2026-07-06T02:28:06.561688] Session 46f8e971ddd4: [Camera A] Transcoding: 90% (133.4s / 148.7s)
[2026-07-06T02:28:06.596175] Session 46f8e971ddd4: [Camera A] Transcoding: 89% (132.1s / 148.7s)
[2026-07-06T02:28:07.612916] Session 46f8e971ddd4: [Camera A] Transcoding: 91% (134.7s / 148.7s)
[2026-07-06T02:28:07.646007] Session 46f8e971ddd4: [Camera A] Transcoding: 90% (133.2s / 148.7s)
[2026-07-06T02:28:09.199407] Session 46f8e971ddd4: [Camera A] Transcoding: 92% (136.4s / 148.7s)
[2026-07-06T02:28:09.225083] Session 46f8e971ddd4: [Camera A] Transcoding: 91% (134.8s / 148.7s)
[2026-07-06T02:28:10.759982] Session 46f8e971ddd4: [Camera A] Transcoding: 93% (138.0s / 148.7s)
[2026-07-06T02:28:10.790635] Session 46f8e971ddd4: [Camera A] Transcoding: 92% (136.6s / 148.7s)
[2026-07-06T02:28:11.800132] Session 46f8e971ddd4: [Camera A] Transcoding: 94% (139.1s / 148.7s)
[2026-07-06T02:28:11.840646] Session 46f8e971ddd4: [Camera A] Transcoding: 93% (137.7s / 148.7s)
[2026-07-06T02:28:13.361262] Session 46f8e971ddd4: [Camera A] Transcoding: 95% (140.6s / 148.7s)
[2026-07-06T02:28:13.457128] Session 46f8e971ddd4: [Camera A] Transcoding: 94% (139.3s / 148.7s)
[2026-07-06T02:28:14.956977] Session 46f8e971ddd4: [Camera A] Transcoding: 96% (142.3s / 148.7s)
[2026-07-06T02:28:15.025362] Session 46f8e971ddd4: [Camera A] Transcoding: 95% (140.9s / 148.7s)
[2026-07-06T02:28:16.546429] Session 46f8e971ddd4: [Camera A] Transcoding: 97% (144.0s / 148.7s)
[2026-07-06T02:28:16.607914] Session 46f8e971ddd4: [Camera A] Transcoding: 96% (142.6s / 148.7s)
[2026-07-06T02:28:18.152189] Session 46f8e971ddd4: [Camera A] Transcoding: 98% (145.4s / 148.7s)
[2026-07-06T02:28:18.202792] Session 46f8e971ddd4: [Camera A] Transcoding: 97% (143.9s / 148.7s)
[2026-07-06T02:28:19.749741] Session 46f8e971ddd4: [Camera A] Transcoding: 99% (147.0s / 148.7s)
[2026-07-06T02:28:19.780700] Session 46f8e971ddd4: [Camera A] Transcoding: 98% (145.4s / 148.7s)
[2026-07-06T02:28:20.945728] Session 46f8e971ddd4: [Camera A] Transcoding: 100% (148.5s / 148.7s)
[2026-07-06T02:28:21.003904] Session 46f8e971ddd4: Transcoding Camera B to constant 240 FPS CFR...
[2026-07-06T02:28:21.359129] Session 46f8e971ddd4: [Camera A] Transcoding: 99% (146.9s / 148.7s)
[2026-07-06T02:28:22.152522] Session 46f8e971ddd4: [Camera A] Transcoding: 100% (148.4s / 148.7s)
[2026-07-06T02:28:22.237407] Session 46f8e971ddd4: Transcoding Camera B to constant 240 FPS CFR...
[2026-07-06T02:28:22.425316] Session 46f8e971ddd4: [Camera B] Transcoding: 3% (0.4s / 10.7s)
[2026-07-06T02:28:22.952929] Session 46f8e971ddd4: [Camera B] Transcoding: 13% (1.3s / 10.7s)
[2026-07-06T02:28:23.535939] Session 46f8e971ddd4: [Camera B] Transcoding: 21% (2.3s / 10.7s)
[2026-07-06T02:28:23.861519] Session 46f8e971ddd4: [Camera B] Transcoding: 3% (0.3s / 10.7s)
[2026-07-06T02:28:24.089862] Session 46f8e971ddd4: [Camera B] Transcoding: 28% (2.9s / 10.7s)
[2026-07-06T02:28:24.401842] Session 46f8e971ddd4: [Camera B] Transcoding: 8% (0.9s / 10.7s)
[2026-07-06T02:28:24.612550] Session 46f8e971ddd4: [Camera B] Transcoding: 32% (3.5s / 10.7s)
[2026-07-06T02:28:24.976184] Session 46f8e971ddd4: [Camera B] Transcoding: 13% (1.4s / 10.7s)
[2026-07-06T02:28:25.162281] Session 46f8e971ddd4: [Camera B] Transcoding: 36% (3.8s / 10.7s)
[2026-07-06T02:28:25.519142] Session 46f8e971ddd4: [Camera B] Transcoding: 21% (2.2s / 10.7s)
[2026-07-06T02:28:25.674566] Session 46f8e971ddd4: [Camera B] Transcoding: 39% (4.2s / 10.7s)
[2026-07-06T02:28:26.060201] Session 46f8e971ddd4: [Camera B] Transcoding: 28% (3.0s / 10.7s)
[2026-07-06T02:28:26.144888] Session 46f8e971ddd4: [Camera B] Transcoding: 42% (4.5s / 10.7s)
[2026-07-06T02:28:26.583485] Session 46f8e971ddd4: [Camera B] Transcoding: 34% (3.6s / 10.7s)
[2026-07-06T02:28:26.742000] Session 46f8e971ddd4: [Camera B] Transcoding: 47% (5.1s / 10.7s)
[2026-07-06T02:28:27.117246] Session 46f8e971ddd4: [Camera B] Transcoding: 39% (4.2s / 10.7s)
[2026-07-06T02:28:27.258470] Session 46f8e971ddd4: [Camera B] Transcoding: 46% (4.9s / 10.7s)
[2026-07-06T02:28:27.267317] Session 46f8e971ddd4: [Camera B] Transcoding: 53% (5.6s / 10.7s)
[2026-07-06T02:28:27.795209] Session 46f8e971ddd4: [Camera B] Transcoding: 58% (6.2s / 10.7s)
[2026-07-06T02:28:28.166819] Session 46f8e971ddd4: [Camera B] Transcoding: 51% (5.4s / 10.7s)
[2026-07-06T02:28:28.331772] Session 46f8e971ddd4: [Camera B] Transcoding: 63% (6.8s / 10.7s)
[2026-07-06T02:28:28.692779] Session 46f8e971ddd4: [Camera B] Transcoding: 56% (6.0s / 10.7s)
[2026-07-06T02:28:28.868608] Session 46f8e971ddd4: [Camera B] Transcoding: 69% (7.4s / 10.7s)
[2026-07-06T02:28:29.221246] Session 46f8e971ddd4: [Camera B] Transcoding: 62% (6.6s / 10.7s)
[2026-07-06T02:28:29.401402] Session 46f8e971ddd4: [Camera B] Transcoding: 74% (7.9s / 10.7s)
[2026-07-06T02:28:29.748346] Session 46f8e971ddd4: [Camera B] Transcoding: 67% (7.2s / 10.7s)
[2026-07-06T02:28:29.931906] Session 46f8e971ddd4: [Camera B] Transcoding: 80% (8.5s / 10.7s)
[2026-07-06T02:28:30.282843] Session 46f8e971ddd4: [Camera B] Transcoding: 73% (7.8s / 10.7s)
[2026-07-06T02:28:30.460435] Session 46f8e971ddd4: [Camera B] Transcoding: 85% (9.1s / 10.7s)
[2026-07-06T02:28:30.809267] Session 46f8e971ddd4: [Camera B] Transcoding: 79% (8.4s / 10.7s)
[2026-07-06T02:28:30.984425] Session 46f8e971ddd4: [Camera B] Transcoding: 91% (9.7s / 10.7s)
[2026-07-06T02:28:31.255546] Session 46f8e971ddd4: [Camera B] Transcoding: 96% (10.3s / 10.7s)
[2026-07-06T02:28:31.255878] Session 46f8e971ddd4: [Camera B] Transcoding: 100% (10.7s / 10.7s)
[2026-07-06T02:28:31.315371] Session 46f8e971ddd4: [Camera B] Transcoding: 84% (9.0s / 10.7s)
[2026-07-06T02:28:31.702623] Session 46f8e971ddd4: Detecting relevant window for Camera A...
[2026-07-06T02:28:31.829469] Session 46f8e971ddd4: [Camera B] Transcoding: 90% (9.7s / 10.7s)
[2026-07-06T02:28:31.835303] Session 46f8e971ddd4: [Camera B] Transcoding: 100% (10.7s / 10.7s)
[2026-07-06T02:28:32.150241] Session 46f8e971ddd4: Detecting relevant window for Camera A...
[2026-07-06T02:29:03.985650] Session 46f8e971ddd4: Camera A relevant window: 27957 to 29157 (impact: 119.49s)
[2026-07-06T02:29:03.986127] Session 46f8e971ddd4: Detecting relevant window for Camera B...
[2026-07-06T02:29:05.957935] Session 46f8e971ddd4: Camera A relevant window: 27957 to 29157 (impact: 119.49s)
[2026-07-06T02:29:05.958979] Session 46f8e971ddd4: Detecting relevant window for Camera B...
[2026-07-06T02:29:36.223117] Session 46f8e971ddd4: Camera B relevant window: 0 to 1200 (impact: 2.76s)
[2026-07-06T02:29:36.223579] Session 46f8e971ddd4: Reading initial background frames for Camera A...
[2026-07-06T02:29:36.591263] Session 46f8e971ddd4: Reading initial background frames for Camera B...
[2026-07-06T02:29:36.924834] Session 46f8e971ddd4: Building background models...
[2026-07-06T02:29:37.767230] Session 46f8e971ddd4: Camera B relevant window: 0 to 1200 (impact: 2.76s)
[2026-07-06T02:29:37.767471] Session 46f8e971ddd4: Reading initial background frames for Camera A...
[2026-07-06T02:29:37.921394] Session 46f8e971ddd4: Reading initial background frames for Camera B...
[2026-07-06T02:29:38.109709] Session 46f8e971ddd4: Building background models...
[2026-07-06T02:29:38.966087] Session 46f8e971ddd4: Background modeling complete, starting candidate detection...
[2026-07-06T02:29:38.987829] Session 46f8e971ddd4: [Camera A] Processing 1200 frames (from frame 27957 to 29157)...
[2026-07-06T02:29:39.968644] Session 46f8e971ddd4: Background modeling complete, starting candidate detection...
[2026-07-06T02:29:39.989574] Session 46f8e971ddd4: [Camera A] Processing 1200 frames (from frame 27957 to 29157)...
[2026-07-06T02:29:40.963729] Session 46f8e971ddd4: [Camera A] Processed 100/1200 frames (8.3%)
[2026-07-06T02:29:41.959234] Session 46f8e971ddd4: [Camera A] Processed 100/1200 frames (8.3%)
[2026-07-06T02:29:42.863812] Session 46f8e971ddd4: [Camera A] Processed 200/1200 frames (16.7%)
[2026-07-06T02:29:43.616060] Session 46f8e971ddd4: [Camera A] Processed 200/1200 frames (16.7%)
[2026-07-06T02:29:44.450560] Session 46f8e971ddd4: [Camera A] Processed 300/1200 frames (25.0%)
[2026-07-06T02:29:45.212156] Session 46f8e971ddd4: [Camera A] Processed 300/1200 frames (25.0%)
[2026-07-06T02:29:46.168813] Session 46f8e971ddd4: [Camera A] Processed 400/1200 frames (33.3%)
[2026-07-06T02:29:46.846499] Session 46f8e971ddd4: [Camera A] Processed 400/1200 frames (33.3%)
[2026-07-06T02:29:47.963507] Session 46f8e971ddd4: [Camera A] Processed 500/1200 frames (41.7%)
[2026-07-06T02:29:48.610294] Session 46f8e971ddd4: [Camera A] Processed 500/1200 frames (41.7%)
[2026-07-06T02:29:50.102639] Session 46f8e971ddd4: [Camera A] Processed 600/1200 frames (50.0%)
[2026-07-06T02:29:50.481461] Session 46f8e971ddd4: [Camera A] Processed 600/1200 frames (50.0%)
[2026-07-06T02:29:52.438987] Session 46f8e971ddd4: [Camera A] Processed 700/1200 frames (58.3%)
[2026-07-06T02:29:52.623327] Session 46f8e971ddd4: [Camera A] Processed 700/1200 frames (58.3%)
[2026-07-06T02:29:54.289147] Session 46f8e971ddd4: [Camera A] Processed 800/1200 frames (66.7%)
[2026-07-06T02:29:54.883327] Session 46f8e971ddd4: [Camera A] Processed 800/1200 frames (66.7%)
[2026-07-06T02:29:56.246950] Session 46f8e971ddd4: [Camera A] Processed 900/1200 frames (75.0%)
[2026-07-06T02:29:57.161889] Session 46f8e971ddd4: [Camera A] Processed 900/1200 frames (75.0%)
[2026-07-06T02:29:58.034794] Session 46f8e971ddd4: [Camera A] Processed 1000/1200 frames (83.3%)
[2026-07-06T02:29:59.151933] Session 46f8e971ddd4: [Camera A] Processed 1000/1200 frames (83.3%)
[2026-07-06T02:29:59.861049] Session 46f8e971ddd4: [Camera A] Processed 1100/1200 frames (91.7%)
[2026-07-06T02:30:01.198278] Session 46f8e971ddd4: [Camera A] Processed 1100/1200 frames (91.7%)
[2026-07-06T02:30:01.632631] Session 46f8e971ddd4: [Camera A] Processed 1200/1200 frames (100.0%)
[2026-07-06T02:30:01.645568] Session 46f8e971ddd4: [Camera A] Finished processing 1200 frames.
[2026-07-06T02:30:01.669178] Session 46f8e971ddd4: [Camera B] Processing 1200 frames (from frame 0 to 1200)...
[2026-07-06T02:30:03.413937] Session 46f8e971ddd4: [Camera A] Processed 1200/1200 frames (100.0%)
[2026-07-06T02:30:03.426959] Session 46f8e971ddd4: [Camera A] Finished processing 1200 frames.
[2026-07-06T02:30:03.450981] Session 46f8e971ddd4: [Camera B] Processing 1200 frames (from frame 0 to 1200)...
[2026-07-06T02:30:04.304060] Session 46f8e971ddd4: [Camera B] Processed 100/1200 frames (8.3%)
[2026-07-06T02:30:05.810194] Session 46f8e971ddd4: [Camera B] Processed 100/1200 frames (8.3%)
[2026-07-06T02:30:06.690024] Session 46f8e971ddd4: [Camera B] Processed 200/1200 frames (16.7%)
[2026-07-06T02:30:08.367368] Session 46f8e971ddd4: [Camera B] Processed 200/1200 frames (16.7%)
[2026-07-06T02:30:09.817666] Session 46f8e971ddd4: [Camera B] Processed 300/1200 frames (25.0%)
[2026-07-06T02:30:11.995402] Session 46f8e971ddd4: [Camera B] Processed 300/1200 frames (25.0%)
[2026-07-06T02:30:14.703111] Session 46f8e971ddd4: [Camera B] Processed 400/1200 frames (33.3%)
[2026-07-06T02:30:17.376950] Session 46f8e971ddd4: [Camera B] Processed 400/1200 frames (33.3%)
[2026-07-06T02:30:20.288803] Session 46f8e971ddd4: [Camera B] Processed 500/1200 frames (41.7%)
[2026-07-06T02:30:22.853693] Session 46f8e971ddd4: [Camera B] Processed 500/1200 frames (41.7%)
[2026-07-06T02:30:25.790610] Session 46f8e971ddd4: [Camera B] Processed 600/1200 frames (50.0%)
[2026-07-06T02:30:28.666891] Session 46f8e971ddd4: [Camera B] Processed 600/1200 frames (50.0%)
[2026-07-06T02:30:31.664783] Session 46f8e971ddd4: [Camera B] Processed 700/1200 frames (58.3%)
[2026-07-06T02:30:34.689873] Session 46f8e971ddd4: [Camera B] Processed 700/1200 frames (58.3%)
[2026-07-06T02:30:38.337702] Session 46f8e971ddd4: [Camera B] Processed 800/1200 frames (66.7%)
[2026-07-06T02:30:41.790077] Session 46f8e971ddd4: [Camera B] Processed 800/1200 frames (66.7%)
[2026-07-06T02:30:45.628909] Session 46f8e971ddd4: [Camera B] Processed 900/1200 frames (75.0%)
[2026-07-06T02:30:49.304394] Session 46f8e971ddd4: [Camera B] Processed 900/1200 frames (75.0%)
[2026-07-06T02:30:53.100881] Session 46f8e971ddd4: [Camera B] Processed 1000/1200 frames (83.3%)
[2026-07-06T02:30:56.629756] Session 46f8e971ddd4: [Camera B] Processed 1000/1200 frames (83.3%)
[2026-07-06T02:31:00.171703] Session 46f8e971ddd4: [Camera B] Processed 1100/1200 frames (91.7%)
[2026-07-06T02:31:03.590567] Session 46f8e971ddd4: [Camera B] Processed 1100/1200 frames (91.7%)
[2026-07-06T02:31:07.350643] Session 46f8e971ddd4: [Camera B] Processed 1200/1200 frames (100.0%)
[2026-07-06T02:31:07.358574] Session 46f8e971ddd4: [Camera B] Finished processing 1200 frames.
[2026-07-06T02:31:07.359716] Session 46f8e971ddd4: Candidate detection complete, starting 2D tracking...
[2026-07-06T02:31:15.490802] Session 46f8e971ddd4: 2D tracking complete. Track A: 14 pts, Track B: 18 pts.
[2026-07-06T02:31:15.492030] Session 46f8e971ddd4: Starting 3D triangulation...
[2026-07-06T02:31:15.492902] Session 46f8e971ddd4: Using visual track alignment. Start A: frame 28966, Start B: frame 834. Visual offset: 938.671s (28132.0 frames).
[2026-07-06T02:31:15.495728] Session 46f8e971ddd4: Triangulated 0 points in 3D.
[2026-07-06T02:31:15.495956] Session 46f8e971ddd4: Too few 3D points to fit model.
[2026-07-06T02:31:18.110767] Session 46f8e971ddd4: [Camera B] Processed 1200/1200 frames (100.0%)
[2026-07-06T02:31:18.118846] Session 46f8e971ddd4: [Camera B] Finished processing 1200 frames.
[2026-07-06T02:31:18.119730] Session 46f8e971ddd4: Candidate detection complete, starting 2D tracking...
[2026-07-06T02:31:25.919551] Session 46f8e971ddd4: 2D tracking complete. Track A: 14 pts, Track B: 18 pts.
[2026-07-06T02:31:25.919771] Session 46f8e971ddd4: Starting 3D triangulation...
[2026-07-06T02:31:25.920486] Session 46f8e971ddd4: Using visual track alignment. Start A: frame 28966, Start B: frame 834. Visual offset: 938.671s (28132.0 frames).
[2026-07-06T02:31:25.921251] Session 46f8e971ddd4: Triangulated 0 points in 3D.
[2026-07-06T02:31:25.921459] Session 46f8e971ddd4: Too few 3D points to fit model.
[2026-07-06T02:40:52.438570] Session 46f8e971ddd4: Starting real processing pipeline
[2026-07-06T02:40:52.439532] Session 46f8e971ddd4: Transcoding Camera A to constant 240 FPS CFR...
[2026-07-06T02:40:52.613377] Session 46f8e971ddd4: Starting real processing pipeline
[2026-07-06T02:40:52.614283] Session 46f8e971ddd4: Transcoding Camera A to constant 240 FPS CFR...
[2026-07-06T02:40:53.705918] Session 46f8e971ddd4: [Camera A] Transcoding: 1% (0.8s / 148.7s)
[2026-07-06T02:40:53.938384] Session 46f8e971ddd4: [Camera A] Transcoding: 0% (0.3s / 148.7s)
[2026-07-06T02:40:54.473694] Session 46f8e971ddd4: [Camera A] Transcoding: 1% (0.9s / 148.7s)
[2026-07-06T02:40:55.367098] Session 46f8e971ddd4: [Camera A] Transcoding: 2% (2.3s / 148.7s)
[2026-07-06T02:40:56.092729] Session 46f8e971ddd4: [Camera A] Transcoding: 2% (2.6s / 148.7s)
[2026-07-06T02:40:56.929108] Session 46f8e971ddd4: [Camera A] Transcoding: 3% (4.2s / 148.7s)
[2026-07-06T02:40:57.593962] Session 46f8e971ddd4: [Camera A] Transcoding: 3% (4.2s / 148.7s)
[2026-07-06T02:40:58.000581] Session 46f8e971ddd4: [Camera A] Transcoding: 4% (5.3s / 148.7s)
[2026-07-06T02:40:58.731992] Session 46f8e971ddd4: [Camera A] Transcoding: 4% (5.3s / 148.7s)
[2026-07-06T02:40:59.577874] Session 46f8e971ddd4: [Camera A] Transcoding: 5% (7.2s / 148.7s)
[2026-07-06T02:41:00.303130] Session 46f8e971ddd4: [Camera A] Transcoding: 5% (7.1s / 148.7s)
[2026-07-06T02:41:00.636498] Session 46f8e971ddd4: [Camera A] Transcoding: 6% (8.3s / 148.7s)
[2026-07-06T02:41:01.349549] Session 46f8e971ddd4: [Camera A] Transcoding: 6% (8.3s / 148.7s)
[2026-07-06T02:41:02.220793] Session 46f8e971ddd4: [Camera A] Transcoding: 7% (10.2s / 148.7s)
[2026-07-06T02:41:02.936076] Session 46f8e971ddd4: [Camera A] Transcoding: 7% (10.1s / 148.7s)
[2026-07-06T02:41:03.269320] Session 46f8e971ddd4: [Camera A] Transcoding: 8% (11.4s / 148.7s)
[2026-07-06T02:41:03.984244] Session 46f8e971ddd4: [Camera A] Transcoding: 8% (11.2s / 148.7s)
[2026-07-06T02:41:04.831093] Session 46f8e971ddd4: [Camera A] Transcoding: 9% (13.1s / 148.7s)
[2026-07-06T02:41:05.585182] Session 46f8e971ddd4: [Camera A] Transcoding: 9% (12.8s / 148.7s)
[2026-07-06T02:41:06.420943] Session 46f8e971ddd4: [Camera A] Transcoding: 10% (14.6s / 148.7s)
[2026-07-06T02:41:07.211118] Session 46f8e971ddd4: [Camera A] Transcoding: 10% (14.6s / 148.7s)
[2026-07-06T02:41:07.481630] Session 46f8e971ddd4: [Camera A] Transcoding: 11% (15.9s / 148.7s)
[2026-07-06T02:41:08.265728] Session 46f8e971ddd4: [Camera A] Transcoding: 11% (15.7s / 148.7s)
[2026-07-06T02:41:09.053617] Session 46f8e971ddd4: [Camera A] Transcoding: 12% (17.3s / 148.7s)
[2026-07-06T02:41:09.847964] Session 46f8e971ddd4: [Camera A] Transcoding: 12% (17.4s / 148.7s)
[2026-07-06T02:41:10.637347] Session 46f8e971ddd4: [Camera A] Transcoding: 13% (19.1s / 148.7s)
[2026-07-06T02:41:11.428618] Session 46f8e971ddd4: [Camera A] Transcoding: 13% (19.0s / 148.7s)
[2026-07-06T02:41:11.685396] Session 46f8e971ddd4: [Camera A] Transcoding: 14% (20.3s / 148.7s)
[2026-07-06T02:41:12.466235] Session 46f8e971ddd4: [Camera A] Transcoding: 14% (20.3s / 148.7s)
[2026-07-06T02:41:13.275246] Session 46f8e971ddd4: [Camera A] Transcoding: 15% (22.2s / 148.7s)
[2026-07-06T02:41:14.029858] Session 46f8e971ddd4: [Camera A] Transcoding: 15% (22.1s / 148.7s)
[2026-07-06T02:41:14.315001] Session 46f8e971ddd4: [Camera A] Transcoding: 16% (23.4s / 148.7s)
[2026-07-06T02:41:15.086290] Session 46f8e971ddd4: [Camera A] Transcoding: 16% (23.4s / 148.7s)
[2026-07-06T02:41:15.378782] Session 46f8e971ddd4: [Camera A] Transcoding: 17% (24.6s / 148.7s)
[2026-07-06T02:41:16.136661] Session 46f8e971ddd4: [Camera A] Transcoding: 17% (24.6s / 148.7s)
[2026-07-06T02:41:16.970563] Session 46f8e971ddd4: [Camera A] Transcoding: 18% (26.4s / 148.7s)
[2026-07-06T02:41:17.726172] Session 46f8e971ddd4: [Camera A] Transcoding: 18% (26.4s / 148.7s)
[2026-07-06T02:41:18.043639] Session 46f8e971ddd4: [Camera A] Transcoding: 19% (27.6s / 148.7s)
[2026-07-06T02:41:18.791181] Session 46f8e971ddd4: [Camera A] Transcoding: 19% (27.7s / 148.7s)
[2026-07-06T02:41:19.609596] Session 46f8e971ddd4: [Camera A] Transcoding: 20% (29.4s / 148.7s)
[2026-07-06T02:41:20.364690] Session 46f8e971ddd4: [Camera A] Transcoding: 20% (29.6s / 148.7s)
[2026-07-06T02:41:20.677138] Session 46f8e971ddd4: [Camera A] Transcoding: 21% (30.6s / 148.7s)
[2026-07-06T02:41:21.409952] Session 46f8e971ddd4: [Camera A] Transcoding: 21% (30.8s / 148.7s)
[2026-07-06T02:41:22.270989] Session 46f8e971ddd4: [Camera A] Transcoding: 22% (32.2s / 148.7s)
[2026-07-06T02:41:22.970587] Session 46f8e971ddd4: [Camera A] Transcoding: 22% (32.5s / 148.7s)
[2026-07-06T02:41:23.883356] Session 46f8e971ddd4: [Camera A] Transcoding: 23% (33.8s / 148.7s)
[2026-07-06T02:41:24.560375] Session 46f8e971ddd4: [Camera A] Transcoding: 23% (34.0s / 148.7s)
[2026-07-06T02:41:25.473869] Session 46f8e971ddd4: [Camera A] Transcoding: 24% (35.3s / 148.7s)
[2026-07-06T02:41:26.166466] Session 46f8e971ddd4: [Camera A] Transcoding: 24% (35.2s / 148.7s)
[2026-07-06T02:41:27.062089] Session 46f8e971ddd4: [Camera A] Transcoding: 25% (36.5s / 148.7s)
[2026-07-06T02:41:27.733043] Session 46f8e971ddd4: [Camera A] Transcoding: 25% (36.6s / 148.7s)
[2026-07-06T02:41:28.650175] Session 46f8e971ddd4: [Camera A] Transcoding: 26% (38.0s / 148.7s)
[2026-07-06T02:41:29.332159] Session 46f8e971ddd4: [Camera A] Transcoding: 26% (38.0s / 148.7s)
[2026-07-06T02:41:30.230602] Session 46f8e971ddd4: [Camera A] Transcoding: 27% (39.4s / 148.7s)
[2026-07-06T02:41:31.486585] Session 46f8e971ddd4: [Camera A] Transcoding: 27% (39.8s / 148.7s)
[2026-07-06T02:41:31.817333] Session 46f8e971ddd4: [Camera A] Transcoding: 28% (40.9s / 148.7s)
[2026-07-06T02:41:32.602831] Session d9d72cae3aef: Starting real processing pipeline
[2026-07-06T02:41:32.604862] Session d9d72cae3aef: Transcoding Camera A to constant 240 FPS CFR...
[2026-07-06T02:41:33.052183] Session 46f8e971ddd4: [Camera A] Transcoding: 28% (41.3s / 148.7s)
[2026-07-06T02:41:33.965982] Session 46f8e971ddd4: [Camera A] Transcoding: 29% (42.6s / 148.7s)
[2026-07-06T02:41:34.100369] Session d9d72cae3aef: [Camera A] Transcoding: 0% (0.3s / 148.7s)
[2026-07-06T02:41:34.231567] Session d9d72cae3aef: Starting real processing pipeline
[2026-07-06T02:41:34.232526] Session d9d72cae3aef: Transcoding Camera A to constant 240 FPS CFR...
[2026-07-06T02:41:34.675655] Session d9d72cae3aef: [Camera A] Transcoding: 1% (0.8s / 148.7s)
[2026-07-06T02:41:35.397432] Session 46f8e971ddd4: [Camera A] Transcoding: 29% (42.4s / 148.7s)
[2026-07-06T02:41:36.268500] Session d9d72cae3aef: [Camera A] Transcoding: 0% (0.1s / 148.7s)
[2026-07-06T02:41:36.718238] Session d9d72cae3aef: [Camera A] Transcoding: 2% (2.4s / 148.7s)
[2026-07-06T02:41:37.414578] Session d9d72cae3aef: [Camera A] Transcoding: 1% (1.0s / 148.7s)
[2026-07-06T02:41:39.099199] Session 46f8e971ddd4: [Camera A] Transcoding: 30% (44.1s / 148.7s)
[2026-07-06T02:41:39.612974] Session d9d72cae3aef: [Camera A] Transcoding: 2% (2.4s / 148.7s)
[2026-07-06T02:41:41.188755] Session d9d72cae3aef: [Camera A] Transcoding: 3% (3.9s / 148.7s)
[2026-07-06T02:41:41.218593] Session 46f8e971ddd4: [Camera A] Transcoding: 30% (44.0s / 148.7s)
[2026-07-06T02:41:43.108771] Session 46f8e971ddd4: [Camera A] Transcoding: 31% (45.5s / 148.7s)
[2026-07-06T02:41:43.613269] Session d9d72cae3aef: [Camera A] Transcoding: 3% (3.8s / 148.7s)
[2026-07-06T02:41:45.122751] Session d9d72cae3aef: [Camera A] Transcoding: 4% (5.3s / 148.7s)
[2026-07-06T02:41:45.728973] Session 46f8e971ddd4: [Camera A] Transcoding: 31% (45.5s / 148.7s)
[2026-07-06T02:41:47.608808] Session d9d72cae3aef: [Camera A] Transcoding: 4% (5.2s / 148.7s)
[2026-07-06T02:41:47.614648] Session 46f8e971ddd4: [Camera A] Transcoding: 32% (47.0s / 148.7s)
[2026-07-06T02:41:49.063198] Session d9d72cae3aef: [Camera A] Transcoding: 5% (6.7s / 148.7s)
[2026-07-06T02:41:49.774069] Session 46f8e971ddd4: [Camera A] Transcoding: 32% (46.9s / 148.7s)
[2026-07-06T02:41:51.036158] Session d9d72cae3aef: [Camera A] Transcoding: 5% (6.8s / 148.7s)
[2026-07-06T02:41:52.218624] Session d9d72cae3aef: [Camera A] Transcoding: 6% (8.3s / 148.7s)
[2026-07-06T02:41:52.771237] Session 46f8e971ddd4: [Camera A] Transcoding: 33% (48.5s / 148.7s)
[2026-07-06T02:41:53.174900] Session 46f8e971ddd4: [Camera A] Transcoding: 33% (48.5s / 148.7s)
[2026-07-06T02:41:53.889601] Session d9d72cae3aef: [Camera A] Transcoding: 6% (8.3s / 148.7s)
[2026-07-06T02:41:56.066603] Session d9d72cae3aef: [Camera A] Transcoding: 7% (9.7s / 148.7s)
[2026-07-06T02:41:56.468701] Session 46f8e971ddd4: [Camera A] Transcoding: 34% (49.8s / 148.7s)
[2026-07-06T02:41:56.614202] Session 46f8e971ddd4: [Camera A] Transcoding: 34% (50.0s / 148.7s)
[2026-07-06T02:41:57.801023] Session d9d72cae3aef: [Camera A] Transcoding: 7% (9.8s / 148.7s)
[2026-07-06T02:42:00.522757] Session d9d72cae3aef: [Camera A] Transcoding: 8% (11.3s / 148.7s)
[2026-07-06T02:42:00.522811] Session 46f8e971ddd4: [Camera A] Transcoding: 35% (51.5s / 148.7s)
[2026-07-06T02:42:00.902083] Session 46f8e971ddd4: [Camera A] Transcoding: 35% (51.5s / 148.7s)
[2026-07-06T02:42:01.635503] Session d9d72cae3aef: [Camera A] Transcoding: 8% (11.2s / 148.7s)
[2026-07-06T02:42:03.837659] Session 46f8e971ddd4: [Camera A] Transcoding: 36% (52.8s / 148.7s)
[2026-07-06T02:42:03.856454] Session d9d72cae3aef: [Camera A] Transcoding: 9% (12.7s / 148.7s)
[2026-07-06T02:42:04.175632] Session 46f8e971ddd4: [Camera A] Transcoding: 36% (52.8s / 148.7s)
[2026-07-06T02:42:04.916957] Session d9d72cae3aef: [Camera A] Transcoding: 9% (12.8s / 148.7s)
[2026-07-06T02:42:07.106511] Session d9d72cae3aef: [Camera A] Transcoding: 10% (14.3s / 148.7s)
[2026-07-06T02:42:07.446619] Session 46f8e971ddd4: [Camera A] Transcoding: 37% (54.4s / 148.7s)
[2026-07-06T02:42:07.663338] Session d9d72cae3aef: [Camera A] Transcoding: 10% (14.2s / 148.7s)
[2026-07-06T02:42:10.446266] Session d9d72cae3aef: [Camera A] Transcoding: 11% (15.8s / 148.7s)
[2026-07-06T02:42:10.446331] Session 46f8e971ddd4: [Camera A] Transcoding: 38% (55.9s / 148.7s)
[2026-07-06T02:42:10.761366] Session 46f8e971ddd4: [Camera A] Transcoding: 38% (55.8s / 148.7s)
[2026-07-06T02:42:10.994894] Session d9d72cae3aef: [Camera A] Transcoding: 11% (15.7s / 148.7s)
[2026-07-06T02:42:13.185007] Session 46f8e971ddd4: [Camera A] Transcoding: 39% (57.3s / 148.7s)
[2026-07-06T02:42:13.204223] Session d9d72cae3aef: [Camera A] Transcoding: 12% (17.2s / 148.7s)
[2026-07-06T02:42:14.028924] Session 46f8e971ddd4: [Camera A] Transcoding: 39% (57.3s / 148.7s)
[2026-07-06T02:42:14.259081] Session d9d72cae3aef: [Camera A] Transcoding: 12% (17.1s / 148.7s)
[2026-07-06T02:42:17.209095] Session d9d72cae3aef: [Camera A] Transcoding: 13% (18.7s / 148.7s)
[2026-07-06T02:42:17.755493] Session 46f8e971ddd4: [Camera A] Transcoding: 40% (58.9s / 148.7s)
[2026-07-06T02:42:18.181036] Session d9d72cae3aef: [Camera A] Transcoding: 13% (18.6s / 148.7s)
[2026-07-06T02:42:18.601841] Session 46f8e971ddd4: [Camera A] Transcoding: 40% (59.0s / 148.7s)
[2026-07-06T02:42:20.634513] Session d9d72cae3aef: [Camera A] Transcoding: 14% (20.1s / 148.7s)
[2026-07-06T02:42:21.117219] Session 46f8e971ddd4: [Camera A] Transcoding: 41% (60.3s / 148.7s)
[2026-07-06T02:42:21.949006] Session 46f8e971ddd4: [Camera A] Transcoding: 41% (60.3s / 148.7s)
[2026-07-06T02:42:22.718292] Session d9d72cae3aef: [Camera A] Transcoding: 14% (20.3s / 148.7s)
[2026-07-06T02:42:25.189485] Session d9d72cae3aef: [Camera A] Transcoding: 15% (21.6s / 148.7s)
[2026-07-06T02:42:25.688498] Session 46f8e971ddd4: [Camera A] Transcoding: 42% (61.8s / 148.7s)
[2026-07-06T02:42:26.385244] Session 46f8e971ddd4: [Camera A] Transcoding: 42% (61.7s / 148.7s)
[2026-07-06T02:42:26.736992] Session d9d72cae3aef: [Camera A] Transcoding: 15% (21.8s / 148.7s)
[2026-07-06T02:42:29.111515] Session 46f8e971ddd4: [Camera A] Transcoding: 43% (63.2s / 148.7s)
[2026-07-06T02:42:29.111577] Session d9d72cae3aef: [Camera A] Transcoding: 16% (23.2s / 148.7s)
[2026-07-06T02:42:30.133173] Session d9d72cae3aef: [Camera A] Transcoding: 16% (23.2s / 148.7s)
[2026-07-06T02:42:30.293668] Session 46f8e971ddd4: [Camera A] Transcoding: 43% (63.2s / 148.7s)
[2026-07-06T02:42:32.423480] Session d9d72cae3aef: [Camera A] Transcoding: 17% (24.7s / 148.7s)
[2026-07-06T02:42:32.985525] Session 46f8e971ddd4: [Camera A] Transcoding: 44% (64.9s / 148.7s)
[2026-07-06T02:42:33.401692] Session d9d72cae3aef: [Camera A] Transcoding: 17% (24.7s / 148.7s)
[2026-07-06T02:42:33.690126] Session 46f8e971ddd4: [Camera A] Transcoding: 44% (64.7s / 148.7s)
[2026-07-06T02:42:36.021049] Session d9d72cae3aef: [Camera A] Transcoding: 18% (26.1s / 148.7s)
[2026-07-06T02:42:36.766048] Session d9d72cae3aef: [Camera A] Transcoding: 18% (26.3s / 148.7s)
[2026-07-06T02:42:37.221231] Session 46f8e971ddd4: [Camera A] Transcoding: 45% (66.3s / 148.7s)
[2026-07-06T02:42:37.418854] Session 46f8e971ddd4: [Camera A] Transcoding: 45% (66.6s / 148.7s)
[2026-07-06T02:42:39.238132] Session d9d72cae3aef: [Camera A] Transcoding: 19% (27.6s / 148.7s)
[2026-07-06T02:42:39.303962] Session d9d72cae3aef: [Camera A] Transcoding: 19% (27.7s / 148.7s)
[2026-07-06T02:42:39.639539] Session 46f8e971ddd4: [Camera A] Transcoding: 46% (67.7s / 148.7s)
[2026-07-06T02:42:39.848748] Session 46f8e971ddd4: [Camera A] Transcoding: 46% (67.9s / 148.7s)
[2026-07-06T02:42:41.710670] Session d9d72cae3aef: [Camera A] Transcoding: 20% (29.3s / 148.7s)
[2026-07-06T02:42:42.135632] Session d9d72cae3aef: [Camera A] Transcoding: 20% (29.4s / 148.7s)
[2026-07-06T02:42:42.577885] Session 46f8e971ddd4: [Camera A] Transcoding: 47% (69.2s / 148.7s)
[2026-07-06T02:42:42.950442] Session 46f8e971ddd4: [Camera A] Transcoding: 47% (69.2s / 148.7s)
[2026-07-06T02:42:44.348745] Session d9d72cae3aef: [Camera A] Transcoding: 21% (30.5s / 148.7s)
[2026-07-06T02:42:44.557333] Session d9d72cae3aef: [Camera A] Transcoding: 21% (30.7s / 148.7s)
[2026-07-06T02:42:45.013968] Session 46f8e971ddd4: [Camera A] Transcoding: 48% (70.7s / 148.7s)
[2026-07-06T02:42:46.158256] Session 46f8e971ddd4: [Camera A] Transcoding: 48% (70.8s / 148.7s)
[2026-07-06T02:42:46.849427] Session d9d72cae3aef: [Camera A] Transcoding: 22% (32.2s / 148.7s)
[2026-07-06T02:42:46.932607] Session d9d72cae3aef: [Camera A] Transcoding: 22% (32.1s / 148.7s)
[2026-07-06T02:42:48.791709] Session d9d72cae3aef: [Camera A] Transcoding: 23% (33.5s / 148.7s)
[2026-07-06T02:42:49.326667] Session d9d72cae3aef: [Camera A] Transcoding: 23% (33.5s / 148.7s)
[2026-07-06T02:42:49.347561] Session 46f8e971ddd4: [Camera A] Transcoding: 49% (72.4s / 148.7s)
[2026-07-06T02:42:49.347610] Session 46f8e971ddd4: [Camera A] Transcoding: 49% (72.5s / 148.7s)
[2026-07-06T02:42:51.710198] Session 46f8e971ddd4: [Camera A] Transcoding: 50% (73.6s / 148.7s)
[2026-07-06T02:42:52.261720] Session d9d72cae3aef: [Camera A] Transcoding: 24% (35.0s / 148.7s)
[2026-07-06T02:42:52.264174] Session 46f8e971ddd4: [Camera A] Transcoding: 50% (73.8s / 148.7s)
[2026-07-06T02:42:52.264259] Session d9d72cae3aef: [Camera A] Transcoding: 24% (35.2s / 148.7s)
[2026-07-06T02:42:55.356788] Session d9d72cae3aef: [Camera A] Transcoding: 25% (36.5s / 148.7s)
[2026-07-06T02:42:55.361622] Session 46f8e971ddd4: [Camera A] Transcoding: 51% (75.2s / 148.7s)
[2026-07-06T02:42:56.416437] Session d9d72cae3aef: [Camera A] Transcoding: 25% (36.6s / 148.7s)
[2026-07-06T02:42:59.230122] Session d9d72cae3aef: [Camera A] Transcoding: 26% (38.0s / 148.7s)
[2026-07-06T02:42:59.249255] Session 46f8e971ddd4: [Camera A] Transcoding: 52% (76.6s / 148.7s)
[2026-07-06T02:42:59.770984] Session 46f8e971ddd4: [Camera A] Transcoding: 52% (76.7s / 148.7s)
[2026-07-06T02:43:00.910298] Session d9d72cae3aef: [Camera A] Transcoding: 26% (38.1s / 148.7s)
[2026-07-06T02:43:03.763702] Session d9d72cae3aef: [Camera A] Transcoding: 27% (39.5s / 148.7s)
[2026-07-06T02:43:03.779851] Session 46f8e971ddd4: [Camera A] Transcoding: 53% (78.1s / 148.7s)
[2026-07-06T02:43:03.946998] Session 46f8e971ddd4: [Camera A] Transcoding: 53% (78.3s / 148.7s)
[2026-07-06T02:43:04.328290] Session d9d72cae3aef: [Camera A] Transcoding: 27% (39.5s / 148.7s)
[2026-07-06T02:43:07.111053] Session 46f8e971ddd4: [Camera A] Transcoding: 54% (79.6s / 148.7s)
[2026-07-06T02:43:07.332258] Session 46f8e971ddd4: [Camera A] Transcoding: 54% (79.6s / 148.7s)
[2026-07-06T02:43:07.669497] Session d9d72cae3aef: [Camera A] Transcoding: 28% (41.1s / 148.7s)
[2026-07-06T02:43:08.230718] Session d9d72cae3aef: [Camera A] Transcoding: 28% (41.0s / 148.7s)
[2026-07-06T02:43:10.804691] Session 46f8e971ddd4: [Camera A] Transcoding: 55% (81.1s / 148.7s)
[2026-07-06T02:43:11.017717] Session d9d72cae3aef: [Camera A] Transcoding: 29% (42.5s / 148.7s)
[2026-07-06T02:43:11.051651] Session 46f8e971ddd4: [Camera A] Transcoding: 55% (81.1s / 148.7s)
[2026-07-06T02:43:12.637887] Session d9d72cae3aef: [Camera A] Transcoding: 29% (42.6s / 148.7s)
[2026-07-06T02:43:14.095890] Session 46f8e971ddd4: [Camera A] Transcoding: 56% (82.7s / 148.7s)
[2026-07-06T02:43:14.310188] Session d9d72cae3aef: [Camera A] Transcoding: 30% (44.1s / 148.7s)
[2026-07-06T02:43:14.321228] Session 46f8e971ddd4: [Camera A] Transcoding: 56% (82.9s / 148.7s)
[2026-07-06T02:43:15.453039] Session d9d72cae3aef: [Camera A] Transcoding: 30% (44.0s / 148.7s)
[2026-07-06T02:43:17.127539] Session 46f8e971ddd4: [Camera A] Transcoding: 57% (84.1s / 148.7s)
[2026-07-06T02:43:17.415966] Session 46f8e971ddd4: [Camera A] Transcoding: 57% (84.3s / 148.7s)
[2026-07-06T02:43:17.669311] Session d9d72cae3aef: [Camera A] Transcoding: 31% (45.5s / 148.7s)
[2026-07-06T02:43:18.868491] Session d9d72cae3aef: [Camera A] Transcoding: 31% (45.5s / 148.7s)
[2026-07-06T02:43:20.493767] Session d9d72cae3aef: [Camera A] Transcoding: 32% (46.9s / 148.7s)
[2026-07-06T02:43:20.521748] Session 46f8e971ddd4: [Camera A] Transcoding: 58% (85.6s / 148.7s)
[2026-07-06T02:43:20.726316] Session 46f8e971ddd4: [Camera A] Transcoding: 58% (85.7s / 148.7s)
[2026-07-06T02:43:22.181135] Session d9d72cae3aef: [Camera A] Transcoding: 32% (47.0s / 148.7s)
[2026-07-06T02:43:23.466163] Session 46f8e971ddd4: [Camera A] Transcoding: 59% (87.0s / 148.7s)
[2026-07-06T02:43:23.784158] Session 46f8e971ddd4: [Camera A] Transcoding: 59% (87.2s / 148.7s)
[2026-07-06T02:43:23.801373] Session d9d72cae3aef: [Camera A] Transcoding: 33% (48.5s / 148.7s)
[2026-07-06T02:43:24.965241] Session d9d72cae3aef: [Camera A] Transcoding: 33% (48.4s / 148.7s)
[2026-07-06T02:43:27.827650] Session 46f8e971ddd4: [Camera A] Transcoding: 60% (88.5s / 148.7s)
[2026-07-06T02:43:27.827717] Session d9d72cae3aef: [Camera A] Transcoding: 34% (49.9s / 148.7s)
[2026-07-06T02:43:27.994884] Session 46f8e971ddd4: [Camera A] Transcoding: 60% (88.6s / 148.7s)
[2026-07-06T02:43:29.492227] Session d9d72cae3aef: [Camera A] Transcoding: 34% (49.8s / 148.7s)
[2026-07-06T02:43:31.684590] Session d9d72cae3aef: [Camera A] Transcoding: 35% (51.5s / 148.7s)
[2026-07-06T02:43:31.739000] Session 46f8e971ddd4: [Camera A] Transcoding: 61% (90.2s / 148.7s)
[2026-07-06T02:43:31.868000] Session 46f8e971ddd4: [Camera A] Transcoding: 61% (90.1s / 148.7s)
[2026-07-06T02:43:33.306396] Session d9d72cae3aef: [Camera A] Transcoding: 35% (51.5s / 148.7s)
[2026-07-06T02:43:34.974774] Session d9d72cae3aef: [Camera A] Transcoding: 36% (53.1s / 148.7s)
[2026-07-06T02:43:35.041405] Session 46f8e971ddd4: [Camera A] Transcoding: 62% (91.5s / 148.7s)
[2026-07-06T02:43:35.125629] Session 46f8e971ddd4: [Camera A] Transcoding: 62% (91.5s / 148.7s)
[2026-07-06T02:43:36.643250] Session d9d72cae3aef: [Camera A] Transcoding: 36% (52.9s / 148.7s)
[2026-07-06T02:43:37.724635] Session d9d72cae3aef: [Camera A] Transcoding: 37% (54.3s / 148.7s)
[2026-07-06T02:43:38.313679] Session 46f8e971ddd4: [Camera A] Transcoding: 63% (93.1s / 148.7s)
[2026-07-06T02:43:38.411936] Session 46f8e971ddd4: [Camera A] Transcoding: 63% (93.1s / 148.7s)
[2026-07-06T02:43:39.985373] Session d9d72cae3aef: [Camera A] Transcoding: 37% (54.4s / 148.7s)
[2026-07-06T02:43:41.146087] Session 46f8e971ddd4: [Camera A] Transcoding: 64% (94.5s / 148.7s)
[2026-07-06T02:43:41.626648] Session d9d72cae3aef: [Camera A] Transcoding: 38% (56.0s / 148.7s)
[2026-07-06T02:43:41.651022] Session 46f8e971ddd4: [Camera A] Transcoding: 64% (94.5s / 148.7s)
[2026-07-06T02:43:43.323524] Session d9d72cae3aef: [Camera A] Transcoding: 38% (55.9s / 148.7s)
[2026-07-06T02:43:44.445987] Session 46f8e971ddd4: [Camera A] Transcoding: 65% (96.0s / 148.7s)
[2026-07-06T02:43:45.012587] Session 46f8e971ddd4: [Camera A] Transcoding: 65% (96.0s / 148.7s)
[2026-07-06T02:43:45.035363] Session d9d72cae3aef: [Camera A] Transcoding: 39% (57.4s / 148.7s)
[2026-07-06T02:43:47.754590] Session d9d72cae3aef: [Camera A] Transcoding: 39% (57.5s / 148.7s)
[2026-07-06T02:43:48.956541] Session 46f8e971ddd4: [Camera A] Transcoding: 66% (97.5s / 148.7s)
[2026-07-06T02:43:48.979916] Session 46f8e971ddd4: [Camera A] Transcoding: 66% (97.6s / 148.7s)
[2026-07-06T02:43:48.980322] Session d9d72cae3aef: [Camera A] Transcoding: 40% (58.8s / 148.7s)
[2026-07-06T02:43:51.139236] Session d9d72cae3aef: [Camera A] Transcoding: 40% (58.8s / 148.7s)
[2026-07-06T02:43:52.237970] Session 46f8e971ddd4: [Camera A] Transcoding: 67% (98.9s / 148.7s)
[2026-07-06T02:43:52.309478] Session 46f8e971ddd4: [Camera A] Transcoding: 67% (99.0s / 148.7s)
[2026-07-06T02:43:52.785093] Session d9d72cae3aef: [Camera A] Transcoding: 41% (60.4s / 148.7s)
[2026-07-06T02:43:54.442797] Session d9d72cae3aef: [Camera A] Transcoding: 41% (60.3s / 148.7s)
[2026-07-06T02:43:55.539039] Session 46f8e971ddd4: [Camera A] Transcoding: 68% (100.5s / 148.7s)
[2026-07-06T02:43:55.555297] Session 46f8e971ddd4: [Camera A] Transcoding: 68% (100.6s / 148.7s)
[2026-07-06T02:43:56.067009] Session d9d72cae3aef: [Camera A] Transcoding: 42% (61.9s / 148.7s)
[2026-07-06T02:43:57.435131] Session d9d72cae3aef: [Camera A] Transcoding: 42% (61.7s / 148.7s)
[2026-07-06T02:43:58.741834] Session 46f8e971ddd4: [Camera A] Transcoding: 69% (101.9s / 148.7s)
[2026-07-06T02:43:59.192432] Session d9d72cae3aef: [Camera A] Transcoding: 43% (63.2s / 148.7s)
[2026-07-06T02:43:59.196135] Session 46f8e971ddd4: [Camera A] Transcoding: 69% (102.1s / 148.7s)
[2026-07-06T02:43:59.747981] Session d9d72cae3aef: [Camera A] Transcoding: 43% (63.4s / 148.7s)
[2026-07-06T02:44:01.953038] Session d9d72cae3aef: [Camera A] Transcoding: 44% (64.9s / 148.7s)
[2026-07-06T02:44:01.953098] Session 46f8e971ddd4: [Camera A] Transcoding: 70% (103.4s / 148.7s)
[2026-07-06T02:44:02.694615] Session d9d72cae3aef: [Camera A] Transcoding: 44% (65.0s / 148.7s)
[2026-07-06T02:44:03.448908] Session 46f8e971ddd4: [Camera A] Transcoding: 70% (103.6s / 148.7s)
[2026-07-06T02:44:03.991472] Session d9d72cae3aef: [Camera A] Transcoding: 45% (66.4s / 148.7s)
[2026-07-06T02:44:04.796437] Session d9d72cae3aef: [Camera A] Transcoding: 45% (66.3s / 148.7s)
[2026-07-06T02:44:06.215713] Session 46f8e971ddd4: [Camera A] Transcoding: 71% (105.1s / 148.7s)
[2026-07-06T02:44:07.178971] Session d9d72cae3aef: [Camera A] Transcoding: 46% (67.7s / 148.7s)
[2026-07-06T02:44:07.529158] Session d9d72cae3aef: [Camera A] Transcoding: 46% (67.7s / 148.7s)
[2026-07-06T02:44:08.851319] Session 46f8e971ddd4: [Camera A] Transcoding: 72% (106.5s / 148.7s)
[2026-07-06T02:44:08.851368] Session 46f8e971ddd4: [Camera A] Transcoding: 72% (106.6s / 148.7s)
[2026-07-06T02:44:10.374482] Session d9d72cae3aef: [Camera A] Transcoding: 47% (69.4s / 148.7s)
[2026-07-06T02:44:10.784264] Session d9d72cae3aef: [Camera A] Transcoding: 47% (69.4s / 148.7s)
[2026-07-06T02:44:11.430281] Session 46f8e971ddd4: [Camera A] Transcoding: 73% (108.2s / 148.7s)
[2026-07-06T02:44:12.062013] Session 46f8e971ddd4: [Camera A] Transcoding: 73% (107.9s / 148.7s)
[2026-07-06T02:44:12.985569] Session d9d72cae3aef: [Camera A] Transcoding: 48% (70.7s / 148.7s)
[2026-07-06T02:44:13.803889] Session d9d72cae3aef: [Camera A] Transcoding: 48% (71.0s / 148.7s)
[2026-07-06T02:44:13.900855] Session 46f8e971ddd4: [Camera A] Transcoding: 74% (109.5s / 148.7s)
[2026-07-06T02:44:15.006962] Session 46f8e971ddd4: [Camera A] Transcoding: 74% (109.5s / 148.7s)
[2026-07-06T02:44:16.131536] Session d9d72cae3aef: [Camera A] Transcoding: 49% (72.2s / 148.7s)
[2026-07-06T02:44:16.352494] Session d9d72cae3aef: [Camera A] Transcoding: 49% (72.2s / 148.7s)
[2026-07-06T02:44:16.936806] Session 46f8e971ddd4: [Camera A] Transcoding: 75% (111.0s / 148.7s)
[2026-07-06T02:44:17.595862] Session 46f8e971ddd4: [Camera A] Transcoding: 75% (111.0s / 148.7s)
[2026-07-06T02:44:18.774146] Session d9d72cae3aef: [Camera A] Transcoding: 50% (73.9s / 148.7s)
[2026-07-06T02:44:19.832901] Session 46f8e971ddd4: [Camera A] Transcoding: 76% (112.3s / 148.7s)
[2026-07-06T02:44:20.284703] Session 46f8e971ddd4: [Camera A] Transcoding: 76% (112.7s / 148.7s)
[2026-07-06T02:44:20.284768] Session d9d72cae3aef: [Camera A] Transcoding: 50% (73.6s / 148.7s)
[2026-07-06T02:44:21.390948] Session d9d72cae3aef: [Camera A] Transcoding: 51% (75.2s / 148.7s)
[2026-07-06T02:44:21.743915] Session 46f8e971ddd4: [Camera A] Transcoding: 77% (114.0s / 148.7s)
[2026-07-06T02:44:23.626341] Session 46f8e971ddd4: [Camera A] Transcoding: 77% (113.9s / 148.7s)
[2026-07-06T02:44:24.117258] Session d9d72cae3aef: [Camera A] Transcoding: 51% (75.3s / 148.7s)
[2026-07-06T02:44:24.151823] Session 46f8e971ddd4: [Camera A] Transcoding: 78% (115.3s / 148.7s)
[2026-07-06T02:44:24.549158] Session d9d72cae3aef: [Camera A] Transcoding: 52% (76.8s / 148.7s)
[2026-07-06T02:44:26.657118] Session d9d72cae3aef: [Camera A] Transcoding: 52% (76.8s / 148.7s)
[2026-07-06T02:44:27.220785] Session d9d72cae3aef: [Camera A] Transcoding: 53% (78.1s / 148.7s)
[2026-07-06T02:44:27.272079] Session 46f8e971ddd4: [Camera A] Transcoding: 79% (116.8s / 148.7s)
[2026-07-06T02:44:27.272530] Session 46f8e971ddd4: [Camera A] Transcoding: 78% (115.4s / 148.7s)
[2026-07-06T02:44:29.303504] Session d9d72cae3aef: [Camera A] Transcoding: 53% (78.2s / 148.7s)
[2026-07-06T02:44:29.887047] Session 46f8e971ddd4: [Camera A] Transcoding: 79% (116.8s / 148.7s)
[2026-07-06T02:44:30.403351] Session 46f8e971ddd4: [Camera A] Transcoding: 80% (118.3s / 148.7s)
[2026-07-06T02:44:30.403638] Session d9d72cae3aef: [Camera A] Transcoding: 54% (79.7s / 148.7s)
[2026-07-06T02:44:31.527583] Session d9d72cae3aef: [Camera A] Transcoding: 54% (79.8s / 148.7s)
[2026-07-06T02:44:33.532838] Session 46f8e971ddd4: [Camera A] Transcoding: 80% (118.4s / 148.7s)
[2026-07-06T02:44:33.532896] Session d9d72cae3aef: [Camera A] Transcoding: 55% (81.2s / 148.7s)
[2026-07-06T02:44:34.046987] Session 46f8e971ddd4: [Camera A] Transcoding: 81% (119.8s / 148.7s)
[2026-07-06T02:44:34.623579] Session d9d72cae3aef: [Camera A] Transcoding: 55% (81.2s / 148.7s)
[2026-07-06T02:44:36.666654] Session 46f8e971ddd4: [Camera A] Transcoding: 81% (119.7s / 148.7s)
[2026-07-06T02:44:37.178665] Session d9d72cae3aef: [Camera A] Transcoding: 56% (82.7s / 148.7s)
[2026-07-06T02:44:37.700228] Session 46f8e971ddd4: [Camera A] Transcoding: 82% (121.3s / 148.7s)
[2026-07-06T02:44:37.746110] Session d9d72cae3aef: [Camera A] Transcoding: 56% (82.6s / 148.7s)
[2026-07-06T02:44:39.782710] Session 46f8e971ddd4: [Camera A] Transcoding: 82% (121.2s / 148.7s)
[2026-07-06T02:44:40.310468] Session d9d72cae3aef: [Camera A] Transcoding: 57% (84.2s / 148.7s)
[2026-07-06T02:44:40.313427] Session 46f8e971ddd4: [Camera A] Transcoding: 83% (122.7s / 148.7s)
[2026-07-06T02:44:40.323287] Session d9d72cae3aef: [Camera A] Transcoding: 57% (84.1s / 148.7s)
[2026-07-06T02:44:43.429236] Session 46f8e971ddd4: [Camera A] Transcoding: 83% (122.8s / 148.7s)
[2026-07-06T02:44:43.429334] Session d9d72cae3aef: [Camera A] Transcoding: 58% (85.6s / 148.7s)
[2026-07-06T02:44:43.938639] Session 46f8e971ddd4: [Camera A] Transcoding: 84% (124.3s / 148.7s)
[2026-07-06T02:44:46.540263] Session d9d72cae3aef: [Camera A] Transcoding: 59% (87.0s / 148.7s)
[2026-07-06T02:44:47.052218] Session d9d72cae3aef: [Camera A] Transcoding: 59% (87.2s / 148.7s)
[2026-07-06T02:44:47.052285] Session 46f8e971ddd4: [Camera A] Transcoding: 85% (125.7s / 148.7s)
[2026-07-06T02:44:47.052465] Session 46f8e971ddd4: [Camera A] Transcoding: 84% (124.4s / 148.7s)
[2026-07-06T02:44:49.641963] Session d9d72cae3aef: [Camera A] Transcoding: 60% (88.5s / 148.7s)
[2026-07-06T02:44:49.642031] Session 46f8e971ddd4: [Camera A] Transcoding: 85% (125.7s / 148.7s)
[2026-07-06T02:44:50.166833] Session 46f8e971ddd4: [Camera A] Transcoding: 86% (127.3s / 148.7s)
[2026-07-06T02:44:53.256561] Session 46f8e971ddd4: [Camera A] Transcoding: 86% (127.3s / 148.7s)
[2026-07-06T02:44:53.256616] Session d9d72cae3aef: [Camera A] Transcoding: 61% (90.2s / 148.7s)
[2026-07-06T02:44:53.768993] Session d9d72cae3aef: [Camera A] Transcoding: 61% (90.1s / 148.7s)
[2026-07-06T02:44:53.769039] Session 46f8e971ddd4: [Camera A] Transcoding: 87% (128.7s / 148.7s)
[2026-07-06T02:44:56.451521] Session 46f8e971ddd4: [Camera A] Transcoding: 88% (130.2s / 148.7s)
[2026-07-06T02:44:56.451629] Session 46f8e971ddd4: [Camera A] Transcoding: 87% (128.8s / 148.7s)
[2026-07-06T02:44:56.986507] Session d9d72cae3aef: [Camera A] Transcoding: 62% (91.5s / 148.7s)
[2026-07-06T02:44:59.048372] Session 46f8e971ddd4: [Camera A] Transcoding: 88% (130.2s / 148.7s)
[2026-07-06T02:44:59.048428] Session d9d72cae3aef: [Camera A] Transcoding: 63% (93.2s / 148.7s)
[2026-07-06T02:44:59.596666] Session d9d72cae3aef: [Camera A] Transcoding: 63% (93.3s / 148.7s)
[2026-07-06T02:44:59.596717] Session 46f8e971ddd4: [Camera A] Transcoding: 89% (131.7s / 148.7s)
[2026-07-06T02:45:01.676913] Session d9d72cae3aef: [Camera A] Transcoding: 64% (94.5s / 148.7s)
[2026-07-06T02:45:01.677005] Session d9d72cae3aef: [Camera A] Transcoding: 64% (94.6s / 148.7s)
[2026-07-06T02:45:02.223110] Session 46f8e971ddd4: [Camera A] Transcoding: 89% (132.1s / 148.7s)
[2026-07-06T02:45:02.743676] Session 46f8e971ddd4: [Camera A] Transcoding: 90% (133.4s / 148.7s)
[2026-07-06T02:45:04.296854] Session d9d72cae3aef: [Camera A] Transcoding: 65% (96.3s / 148.7s)
[2026-07-06T02:45:04.296947] Session d9d72cae3aef: [Camera A] Transcoding: 65% (96.2s / 148.7s)
[2026-07-06T02:45:04.297000] Session 46f8e971ddd4: [Camera A] Transcoding: 90% (133.3s / 148.7s)
[2026-07-06T02:45:05.353138] Session 46f8e971ddd4: [Camera A] Transcoding: 91% (134.7s / 148.7s)
[2026-07-06T02:45:06.379207] Session d9d72cae3aef: [Camera A] Transcoding: 66% (97.8s / 148.7s)
[2026-07-06T02:45:06.900726] Session d9d72cae3aef: [Camera A] Transcoding: 66% (97.7s / 148.7s)
[2026-07-06T02:45:06.900780] Session 46f8e971ddd4: [Camera A] Transcoding: 91% (134.9s / 148.7s)
[2026-07-06T02:45:08.457470] Session 46f8e971ddd4: [Camera A] Transcoding: 92% (136.2s / 148.7s)
[2026-07-06T02:45:08.457527] Session d9d72cae3aef: [Camera A] Transcoding: 67% (99.1s / 148.7s)
[2026-07-06T02:45:08.983094] Session 46f8e971ddd4: [Camera A] Transcoding: 92% (136.5s / 148.7s)
[2026-07-06T02:45:09.506963] Session d9d72cae3aef: [Camera A] Transcoding: 67% (99.2s / 148.7s)
[2026-07-06T02:45:10.575648] Session 46f8e971ddd4: [Camera A] Transcoding: 93% (137.6s / 148.7s)
[2026-07-06T02:45:11.114804] Session d9d72cae3aef: [Camera A] Transcoding: 68% (100.7s / 148.7s)
[2026-07-06T02:45:11.636682] Session 46f8e971ddd4: [Camera A] Transcoding: 93% (137.9s / 148.7s)
[2026-07-06T02:45:11.636741] Session d9d72cae3aef: [Camera A] Transcoding: 68% (100.4s / 148.7s)
[2026-07-06T02:45:13.263135] Session d9d72cae3aef: [Camera A] Transcoding: 69% (102.0s / 148.7s)
[2026-07-06T02:45:13.263196] Session 46f8e971ddd4: [Camera A] Transcoding: 94% (139.1s / 148.7s)
[2026-07-06T02:45:13.795770] Session 46f8e971ddd4: [Camera A] Transcoding: 94% (139.2s / 148.7s)
[2026-07-06T02:45:14.345837] Session d9d72cae3aef: [Camera A] Transcoding: 69% (102.2s / 148.7s)
[2026-07-06T02:45:15.399177] Session d9d72cae3aef: [Camera A] Transcoding: 70% (103.7s / 148.7s)
[2026-07-06T02:45:15.909920] Session 46f8e971ddd4: [Camera A] Transcoding: 95% (140.6s / 148.7s)
[2026-07-06T02:45:15.912764] Session d9d72cae3aef: [Camera A] Transcoding: 70% (103.4s / 148.7s)
[2026-07-06T02:45:16.943265] Session 46f8e971ddd4: [Camera A] Transcoding: 95% (140.9s / 148.7s)
[2026-07-06T02:45:17.498044] Session d9d72cae3aef: [Camera A] Transcoding: 71% (105.1s / 148.7s)
[2026-07-06T02:45:18.531049] Session 46f8e971ddd4: [Camera A] Transcoding: 96% (142.1s / 148.7s)
[2026-07-06T02:45:18.531267] Session d9d72cae3aef: [Camera A] Transcoding: 71% (105.0s / 148.7s)
[2026-07-06T02:45:19.064192] Session 46f8e971ddd4: [Camera A] Transcoding: 96% (142.2s / 148.7s)
[2026-07-06T02:45:20.100888] Session d9d72cae3aef: [Camera A] Transcoding: 72% (106.4s / 148.7s)
[2026-07-06T02:45:20.641225] Session 46f8e971ddd4: [Camera A] Transcoding: 97% (143.5s / 148.7s)
[2026-07-06T02:45:21.198052] Session d9d72cae3aef: [Camera A] Transcoding: 72% (106.6s / 148.7s)
[2026-07-06T02:45:21.710677] Session 46f8e971ddd4: [Camera A] Transcoding: 97% (144.0s / 148.7s)
[2026-07-06T02:45:22.747042] Session d9d72cae3aef: [Camera A] Transcoding: 73% (108.0s / 148.7s)
[2026-07-06T02:45:23.258689] Session d9d72cae3aef: [Camera A] Transcoding: 73% (108.1s / 148.7s)
[2026-07-06T02:45:23.773735] Session 46f8e971ddd4: [Camera A] Transcoding: 98% (145.3s / 148.7s)
[2026-07-06T02:45:23.773780] Session 46f8e971ddd4: [Camera A] Transcoding: 98% (145.1s / 148.7s)
[2026-07-06T02:45:25.915645] Session 46f8e971ddd4: [Camera A] Transcoding: 99% (146.6s / 148.7s)
[2026-07-06T02:45:25.915713] Session d9d72cae3aef: [Camera A] Transcoding: 74% (109.5s / 148.7s)
[2026-07-06T02:45:26.423650] Session d9d72cae3aef: [Camera A] Transcoding: 74% (109.5s / 148.7s)
[2026-07-06T02:45:26.423822] Session 46f8e971ddd4: [Camera A] Transcoding: 99% (146.8s / 148.7s)
[2026-07-06T02:45:27.989691] Session d9d72cae3aef: [Camera A] Transcoding: 75% (111.0s / 148.7s)
[2026-07-06T02:45:28.509267] Session 46f8e971ddd4: [Camera A] Transcoding: 100% (148.2s / 148.7s)
[2026-07-06T02:45:28.783798] Session 46f8e971ddd4: [Camera A] Transcoding: 100% (148.6s / 148.7s)
[2026-07-06T02:45:28.894197] Session 46f8e971ddd4: Transcoding Camera B to constant 240 FPS CFR...
[2026-07-06T02:45:29.017124] Session d9d72cae3aef: [Camera A] Transcoding: 75% (110.9s / 148.7s)
[2026-07-06T02:45:29.040098] Session 46f8e971ddd4: Transcoding Camera B to constant 240 FPS CFR...
[2026-07-06T02:45:30.083901] Session d9d72cae3aef: [Camera A] Transcoding: 76% (112.5s / 148.7s)
[2026-07-06T02:45:30.597727] Session d9d72cae3aef: [Camera A] Transcoding: 76% (112.3s / 148.7s)
[2026-07-06T02:45:30.958014] Session 46f8e971ddd4: [Camera B] Transcoding: 0% (0.0s / 10.7s)
[2026-07-06T02:45:31.546145] Session 46f8e971ddd4: [Camera B] Transcoding: 3% (0.3s / 10.7s)
[2026-07-06T02:45:31.546247] Session 46f8e971ddd4: [Camera B] Transcoding: 3% (0.3s / 10.7s)
[2026-07-06T02:45:32.133865] Session 46f8e971ddd4: [Camera B] Transcoding: 6% (0.7s / 10.7s)
[2026-07-06T02:45:32.134064] Session 46f8e971ddd4: [Camera B] Transcoding: 7% (0.7s / 10.7s)
[2026-07-06T02:45:32.162657] Session d9d72cae3aef: [Camera A] Transcoding: 77% (113.8s / 148.7s)
[2026-07-06T02:45:32.672007] Session 46f8e971ddd4: [Camera B] Transcoding: 9% (1.0s / 10.7s)
[2026-07-06T02:45:32.672056] Session 46f8e971ddd4: [Camera B] Transcoding: 10% (1.0s / 10.7s)
[2026-07-06T02:45:33.198217] Session d9d72cae3aef: [Camera A] Transcoding: 77% (113.8s / 148.7s)
[2026-07-06T02:45:33.228929] Session 46f8e971ddd4: [Camera B] Transcoding: 13% (1.4s / 10.7s)
[2026-07-06T02:45:33.228986] Session 46f8e971ddd4: [Camera B] Transcoding: 13% (1.4s / 10.7s)
[2026-07-06T02:45:33.762571] Session 46f8e971ddd4: [Camera B] Transcoding: 15% (1.6s / 10.7s)
[2026-07-06T02:45:33.763127] Session 46f8e971ddd4: [Camera B] Transcoding: 16% (1.7s / 10.7s)
[2026-07-06T02:45:34.291232] Session 46f8e971ddd4: [Camera B] Transcoding: 17% (1.8s / 10.7s)
[2026-07-06T02:45:34.302146] Session 46f8e971ddd4: [Camera B] Transcoding: 18% (1.9s / 10.7s)
[2026-07-06T02:45:34.828717] Session 46f8e971ddd4: [Camera B] Transcoding: 19% (2.0s / 10.7s)
[2026-07-06T02:45:34.839283] Session 46f8e971ddd4: [Camera B] Transcoding: 20% (2.1s / 10.7s)
[2026-07-06T02:45:35.380703] Session 46f8e971ddd4: [Camera B] Transcoding: 21% (2.3s / 10.7s)
[2026-07-06T02:45:35.395453] Session 46f8e971ddd4: [Camera B] Transcoding: 23% (2.4s / 10.7s)
[2026-07-06T02:45:35.778396] Session d9d72cae3aef: [Camera A] Transcoding: 78% (115.4s / 148.7s)
[2026-07-06T02:45:36.045435] Session 46f8e971ddd4: [Camera B] Transcoding: 24% (2.5s / 10.7s)
[2026-07-06T02:45:36.045768] Session 46f8e971ddd4: [Camera B] Transcoding: 25% (2.7s / 10.7s)
[2026-07-06T02:45:36.720470] Session 46f8e971ddd4: [Camera B] Transcoding: 27% (2.9s / 10.7s)
[2026-07-06T02:45:36.720543] Session 46f8e971ddd4: [Camera B] Transcoding: 26% (2.8s / 10.7s)
[2026-07-06T02:45:36.824124] Session d9d72cae3aef: [Camera A] Transcoding: 78% (115.3s / 148.7s)
[2026-07-06T02:45:37.296236] Session 46f8e971ddd4: [Camera B] Transcoding: 29% (3.1s / 10.7s)
[2026-07-06T02:45:37.323696] Session 46f8e971ddd4: [Camera B] Transcoding: 30% (3.2s / 10.7s)
[2026-07-06T02:45:38.058820] Session 46f8e971ddd4: [Camera B] Transcoding: 31% (3.3s / 10.7s)
[2026-07-06T02:45:38.074572] Session 46f8e971ddd4: [Camera B] Transcoding: 31% (3.3s / 10.7s)
[2026-07-06T02:45:38.599198] Session 46f8e971ddd4: [Camera B] Transcoding: 34% (3.6s / 10.7s)
[2026-07-06T02:45:38.610252] Session 46f8e971ddd4: [Camera B] Transcoding: 34% (3.6s / 10.7s)
[2026-07-06T02:45:38.902563] Session d9d72cae3aef: [Camera A] Transcoding: 79% (117.0s / 148.7s)
[2026-07-06T02:45:39.138799] Session 46f8e971ddd4: [Camera B] Transcoding: 37% (3.9s / 10.7s)
[2026-07-06T02:45:39.156620] Session 46f8e971ddd4: [Camera B] Transcoding: 37% (3.9s / 10.7s)
[2026-07-06T02:45:39.682811] Session 46f8e971ddd4: [Camera B] Transcoding: 39% (4.2s / 10.7s)
[2026-07-06T02:45:39.698440] Session 46f8e971ddd4: [Camera B] Transcoding: 39% (4.2s / 10.7s)
[2026-07-06T02:45:39.922426] Session d9d72cae3aef: [Camera A] Transcoding: 79% (116.9s / 148.7s)
[2026-07-06T02:45:40.240063] Session 46f8e971ddd4: [Camera B] Transcoding: 42% (4.5s / 10.7s)
[2026-07-06T02:45:40.255498] Session 46f8e971ddd4: [Camera B] Transcoding: 41% (4.4s / 10.7s)
[2026-07-06T02:45:40.803312] Session 46f8e971ddd4: [Camera B] Transcoding: 44% (4.7s / 10.7s)
[2026-07-06T02:45:40.810096] Session 46f8e971ddd4: [Camera B] Transcoding: 44% (4.7s / 10.7s)
[2026-07-06T02:45:41.040173] Session 46f8e971ddd4: [Camera B] Transcoding: 46% (4.9s / 10.7s)
[2026-07-06T02:45:41.135486] Session 46f8e971ddd4: [Camera B] Transcoding: 46% (4.9s / 10.7s)
[2026-07-06T02:45:41.478577] Session d9d72cae3aef: [Camera A] Transcoding: 80% (118.3s / 148.7s)
[2026-07-06T02:45:41.941793] Session 46f8e971ddd4: [Camera B] Transcoding: 48% (5.2s / 10.7s)
[2026-07-06T02:45:41.941843] Session 46f8e971ddd4: [Camera B] Transcoding: 48% (5.1s / 10.7s)
[2026-07-06T02:45:42.490257] Session 46f8e971ddd4: [Camera B] Transcoding: 50% (5.4s / 10.7s)
[2026-07-06T02:45:42.490326] Session 46f8e971ddd4: [Camera B] Transcoding: 51% (5.5s / 10.7s)
[2026-07-06T02:45:43.008124] Session 46f8e971ddd4: [Camera B] Transcoding: 54% (5.7s / 10.7s)
[2026-07-06T02:45:43.008190] Session 46f8e971ddd4: [Camera B] Transcoding: 54% (5.8s / 10.7s)
[2026-07-06T02:45:43.058571] Session d9d72cae3aef: [Camera A] Transcoding: 80% (118.4s / 148.7s)
[2026-07-06T02:45:43.561041] Session 46f8e971ddd4: [Camera B] Transcoding: 56% (6.0s / 10.7s)
[2026-07-06T02:45:43.561092] Session 46f8e971ddd4: [Camera B] Transcoding: 57% (6.0s / 10.7s)
[2026-07-06T02:45:44.102670] Session 46f8e971ddd4: [Camera B] Transcoding: 58% (6.2s / 10.7s)
[2026-07-06T02:45:44.113809] Session 46f8e971ddd4: [Camera B] Transcoding: 60% (6.4s / 10.7s)
[2026-07-06T02:45:44.606659] Session d9d72cae3aef: [Camera A] Transcoding: 81% (119.8s / 148.7s)
[2026-07-06T02:45:44.657244] Session 46f8e971ddd4: [Camera B] Transcoding: 60% (6.4s / 10.7s)
[2026-07-06T02:45:44.672847] Session 46f8e971ddd4: [Camera B] Transcoding: 62% (6.7s / 10.7s)
[2026-07-06T02:45:45.190944] Session 46f8e971ddd4: [Camera B] Transcoding: 63% (6.7s / 10.7s)
[2026-07-06T02:45:45.204376] Session 46f8e971ddd4: [Camera B] Transcoding: 65% (6.9s / 10.7s)
[2026-07-06T02:45:45.642992] Session d9d72cae3aef: [Camera A] Transcoding: 81% (119.8s / 148.7s)
[2026-07-06T02:45:45.741908] Session 46f8e971ddd4: [Camera B] Transcoding: 65% (6.9s / 10.7s)
[2026-07-06T02:45:45.764949] Session 46f8e971ddd4: [Camera B] Transcoding: 68% (7.3s / 10.7s)
[2026-07-06T02:45:46.287762] Session 46f8e971ddd4: [Camera B] Transcoding: 68% (7.3s / 10.7s)
[2026-07-06T02:45:46.332378] Session 46f8e971ddd4: [Camera B] Transcoding: 71% (7.5s / 10.7s)
[2026-07-06T02:45:46.827619] Session 46f8e971ddd4: [Camera B] Transcoding: 70% (7.5s / 10.7s)
[2026-07-06T02:45:46.892612] Session 46f8e971ddd4: [Camera B] Transcoding: 73% (7.8s / 10.7s)
[2026-07-06T02:45:47.367014] Session 46f8e971ddd4: [Camera B] Transcoding: 73% (7.8s / 10.7s)
[2026-07-06T02:45:47.417886] Session 46f8e971ddd4: [Camera B] Transcoding: 76% (8.1s / 10.7s)
[2026-07-06T02:45:47.730162] Session d9d72cae3aef: [Camera A] Transcoding: 82% (121.5s / 148.7s)
[2026-07-06T02:45:47.933862] Session 46f8e971ddd4: [Camera B] Transcoding: 76% (8.1s / 10.7s)
[2026-07-06T02:45:47.955867] Session 46f8e971ddd4: [Camera B] Transcoding: 78% (8.4s / 10.7s)
[2026-07-06T02:45:48.463145] Session 46f8e971ddd4: [Camera B] Transcoding: 79% (8.4s / 10.7s)
[2026-07-06T02:45:48.497777] Session 46f8e971ddd4: [Camera B] Transcoding: 81% (8.7s / 10.7s)
[2026-07-06T02:45:48.763181] Session d9d72cae3aef: [Camera A] Transcoding: 82% (121.3s / 148.7s)
[2026-07-06T02:45:49.011125] Session 46f8e971ddd4: [Camera B] Transcoding: 82% (8.7s / 10.7s)
[2026-07-06T02:45:49.059945] Session 46f8e971ddd4: [Camera B] Transcoding: 84% (9.0s / 10.7s)
[2026-07-06T02:45:49.548062] Session 46f8e971ddd4: [Camera B] Transcoding: 85% (9.1s / 10.7s)
[2026-07-06T02:45:49.592088] Session 46f8e971ddd4: [Camera B] Transcoding: 88% (9.4s / 10.7s)
[2026-07-06T02:45:50.100192] Session 46f8e971ddd4: [Camera B] Transcoding: 87% (9.3s / 10.7s)
[2026-07-06T02:45:50.140615] Session 46f8e971ddd4: [Camera B] Transcoding: 91% (9.7s / 10.7s)
[2026-07-06T02:45:50.310988] Session d9d72cae3aef: [Camera A] Transcoding: 83% (122.8s / 148.7s)
[2026-07-06T02:45:50.635855] Session 46f8e971ddd4: [Camera B] Transcoding: 90% (9.6s / 10.7s)
[2026-07-06T02:45:50.681366] Session 46f8e971ddd4: [Camera B] Transcoding: 93% (9.9s / 10.7s)
[2026-07-06T02:45:51.171252] Session 46f8e971ddd4: [Camera B] Transcoding: 93% (9.9s / 10.7s)
[2026-07-06T02:45:51.225231] Session 46f8e971ddd4: [Camera B] Transcoding: 96% (10.2s / 10.7s)
[2026-07-06T02:45:51.376859] Session 46f8e971ddd4: [Camera B] Transcoding: 98% (10.5s / 10.7s)
[2026-07-06T02:45:51.377170] Session 46f8e971ddd4: [Camera B] Transcoding: 100% (10.7s / 10.7s)
[2026-07-06T02:45:51.707427] Session 46f8e971ddd4: [Camera B] Transcoding: 95% (10.1s / 10.7s)
[2026-07-06T02:45:51.858700] Session d9d72cae3aef: [Camera A] Transcoding: 83% (122.9s / 148.7s)
[2026-07-06T02:45:51.935476] Session 46f8e971ddd4: [Camera B] Transcoding: 98% (10.4s / 10.7s)
[2026-07-06T02:45:51.935833] Session 46f8e971ddd4: [Camera B] Transcoding: 100% (10.7s / 10.7s)
[2026-07-06T02:45:52.026660] Session 46f8e971ddd4: Detecting relevant window for Camera A...
[2026-07-06T02:45:52.465250] Session 46f8e971ddd4: Detecting relevant window for Camera A...
[2026-07-06T02:45:52.900440] Session d9d72cae3aef: [Camera A] Transcoding: 84% (124.4s / 148.7s)
[2026-07-06T02:45:53.924821] Session d9d72cae3aef: [Camera A] Transcoding: 84% (124.3s / 148.7s)
[2026-07-06T02:45:55.469956] Session d9d72cae3aef: [Camera A] Transcoding: 85% (125.8s / 148.7s)
[2026-07-06T02:45:56.537577] Session d9d72cae3aef: [Camera A] Transcoding: 85% (125.8s / 148.7s)
[2026-07-06T02:45:58.086962] Session d9d72cae3aef: [Camera A] Transcoding: 86% (127.3s / 148.7s)
[2026-07-06T02:45:59.113584] Session d9d72cae3aef: [Camera A] Transcoding: 86% (127.4s / 148.7s)
[2026-07-06T02:46:00.655903] Session d9d72cae3aef: [Camera A] Transcoding: 87% (128.9s / 148.7s)
[2026-07-06T02:46:01.189086] Session d9d72cae3aef: [Camera A] Transcoding: 87% (128.7s / 148.7s)
[2026-07-06T02:46:02.741110] Session d9d72cae3aef: [Camera A] Transcoding: 88% (130.2s / 148.7s)
[2026-07-06T02:46:03.770116] Session d9d72cae3aef: [Camera A] Transcoding: 88% (130.2s / 148.7s)
[2026-07-06T02:46:05.337515] Session d9d72cae3aef: [Camera A] Transcoding: 89% (131.7s / 148.7s)
[2026-07-06T02:46:06.368412] Session d9d72cae3aef: [Camera A] Transcoding: 89% (131.7s / 148.7s)
[2026-07-06T02:46:07.917485] Session d9d72cae3aef: [Camera A] Transcoding: 90% (133.2s / 148.7s)
[2026-07-06T02:46:08.954900] Session d9d72cae3aef: [Camera A] Transcoding: 90% (133.2s / 148.7s)
[2026-07-06T02:46:10.507405] Session d9d72cae3aef: [Camera A] Transcoding: 91% (134.8s / 148.7s)
[2026-07-06T02:46:11.562688] Session d9d72cae3aef: [Camera A] Transcoding: 91% (134.7s / 148.7s)
[2026-07-06T02:46:13.094348] Session d9d72cae3aef: [Camera A] Transcoding: 92% (136.3s / 148.7s)
[2026-07-06T02:46:14.173582] Session d9d72cae3aef: [Camera A] Transcoding: 92% (136.3s / 148.7s)
[2026-07-06T02:46:15.183136] Session d9d72cae3aef: [Camera A] Transcoding: 93% (137.6s / 148.7s)
[2026-07-06T02:46:16.244010] Session d9d72cae3aef: [Camera A] Transcoding: 93% (137.7s / 148.7s)
[2026-07-06T02:46:17.762000] Session d9d72cae3aef: [Camera A] Transcoding: 94% (139.3s / 148.7s)
[2026-07-06T02:46:18.850976] Session d9d72cae3aef: [Camera A] Transcoding: 94% (139.3s / 148.7s)
[2026-07-06T02:46:19.834637] Session d9d72cae3aef: [Camera A] Transcoding: 95% (140.6s / 148.7s)
[2026-07-06T02:46:20.924567] Session d9d72cae3aef: [Camera A] Transcoding: 95% (140.7s / 148.7s)
[2026-07-06T02:46:22.428679] Session d9d72cae3aef: [Camera A] Transcoding: 96% (142.2s / 148.7s)
[2026-07-06T02:46:23.516060] Session d9d72cae3aef: [Camera A] Transcoding: 96% (142.3s / 148.7s)
[2026-07-06T02:46:25.055882] Session d9d72cae3aef: [Camera A] Transcoding: 97% (143.8s / 148.7s)
[2026-07-06T02:46:25.592164] Session d9d72cae3aef: [Camera A] Transcoding: 97% (143.5s / 148.7s)
[2026-07-06T02:46:27.165333] Session d9d72cae3aef: [Camera A] Transcoding: 98% (145.0s / 148.7s)
[2026-07-06T02:46:28.190525] Session d9d72cae3aef: [Camera A] Transcoding: 98% (145.1s / 148.7s)
[2026-07-06T02:46:29.848300] Session d9d72cae3aef: [Camera A] Transcoding: 99% (146.6s / 148.7s)
[2026-07-06T02:46:30.799130] Session d9d72cae3aef: [Camera A] Transcoding: 99% (146.7s / 148.7s)
[2026-07-06T02:46:32.516061] Session d9d72cae3aef: [Camera A] Transcoding: 100% (148.1s / 148.7s)
[2026-07-06T02:46:32.977733] Session d9d72cae3aef: Transcoding Camera B to constant 240 FPS CFR...
[2026-07-06T02:46:33.397711] Session d9d72cae3aef: [Camera A] Transcoding: 100% (148.2s / 148.7s)
[2026-07-06T02:46:33.724320] Session d9d72cae3aef: Transcoding Camera B to constant 240 FPS CFR...
[2026-07-06T02:46:34.609317] Session d9d72cae3aef: [Camera B] Transcoding: 3% (0.4s / 10.7s)
[2026-07-06T02:46:35.153158] Session d9d72cae3aef: [Camera B] Transcoding: 10% (1.1s / 10.7s)
[2026-07-06T02:46:35.534366] Session d9d72cae3aef: [Camera B] Transcoding: 0% (0.1s / 10.7s)
[2026-07-06T02:46:35.681586] Session d9d72cae3aef: [Camera B] Transcoding: 16% (1.7s / 10.7s)
[2026-07-06T02:46:36.091799] Session d9d72cae3aef: [Camera B] Transcoding: 3% (0.3s / 10.7s)
[2026-07-06T02:46:36.212852] Session d9d72cae3aef: [Camera B] Transcoding: 20% (2.2s / 10.7s)
[2026-07-06T02:46:36.637672] Session d9d72cae3aef: [Camera B] Transcoding: 6% (0.7s / 10.7s)
[2026-07-06T02:46:36.800767] Session d9d72cae3aef: [Camera B] Transcoding: 24% (2.6s / 10.7s)
[2026-07-06T02:46:37.173563] Session d9d72cae3aef: [Camera B] Transcoding: 10% (1.1s / 10.7s)
[2026-07-06T02:46:37.342394] Session d9d72cae3aef: [Camera B] Transcoding: 27% (2.9s / 10.7s)
[2026-07-06T02:46:37.711909] Session d9d72cae3aef: [Camera B] Transcoding: 15% (1.6s / 10.7s)
[2026-07-06T02:46:37.881962] Session d9d72cae3aef: [Camera B] Transcoding: 29% (3.1s / 10.7s)
[2026-07-06T02:46:38.258757] Session d9d72cae3aef: [Camera B] Transcoding: 18% (1.9s / 10.7s)
[2026-07-06T02:46:38.419992] Session d9d72cae3aef: [Camera B] Transcoding: 32% (3.4s / 10.7s)
[2026-07-06T02:46:38.843613] Session d9d72cae3aef: [Camera B] Transcoding: 21% (2.2s / 10.7s)
[2026-07-06T02:46:39.017690] Session d9d72cae3aef: [Camera B] Transcoding: 34% (3.6s / 10.7s)
[2026-07-06T02:46:39.389406] Session d9d72cae3aef: [Camera B] Transcoding: 23% (2.5s / 10.7s)
[2026-07-06T02:46:39.564698] Session d9d72cae3aef: [Camera B] Transcoding: 36% (3.9s / 10.7s)
[2026-07-06T02:46:39.968989] Session d9d72cae3aef: [Camera B] Transcoding: 25% (2.7s / 10.7s)
[2026-07-06T02:46:40.100019] Session d9d72cae3aef: [Camera B] Transcoding: 39% (4.2s / 10.7s)
[2026-07-06T02:46:40.504087] Session d9d72cae3aef: [Camera B] Transcoding: 28% (3.0s / 10.7s)
[2026-07-06T02:46:40.657074] Session d9d72cae3aef: [Camera B] Transcoding: 42% (4.5s / 10.7s)
[2026-07-06T02:46:41.041719] Session d9d72cae3aef: [Camera B] Transcoding: 30% (3.2s / 10.7s)
[2026-07-06T02:46:41.213224] Session d9d72cae3aef: [Camera B] Transcoding: 44% (4.7s / 10.7s)
[2026-07-06T02:46:41.258393] Session d9d72cae3aef: [Camera B] Transcoding: 47% (5.0s / 10.7s)
[2026-07-06T02:46:41.562383] Session d9d72cae3aef: [Camera B] Transcoding: 33% (3.5s / 10.7s)
[2026-07-06T02:46:42.101953] Session d9d72cae3aef: [Camera B] Transcoding: 36% (3.9s / 10.7s)
[2026-07-06T02:46:42.276479] Session d9d72cae3aef: [Camera B] Transcoding: 49% (5.2s / 10.7s)
[2026-07-06T02:46:42.629370] Session d9d72cae3aef: [Camera B] Transcoding: 39% (4.2s / 10.7s)
[2026-07-06T02:46:42.831599] Session d9d72cae3aef: [Camera B] Transcoding: 52% (5.5s / 10.7s)
[2026-07-06T02:46:43.175858] Session d9d72cae3aef: [Camera B] Transcoding: 41% (4.4s / 10.7s)
[2026-07-06T02:46:43.375002] Session d9d72cae3aef: [Camera B] Transcoding: 55% (5.9s / 10.7s)
[2026-07-06T02:46:43.715666] Session d9d72cae3aef: [Camera B] Transcoding: 44% (4.7s / 10.7s)
[2026-07-06T02:46:43.759879] Session d9d72cae3aef: [Camera B] Transcoding: 47% (5.0s / 10.7s)
[2026-07-06T02:46:43.906488] Session d9d72cae3aef: [Camera B] Transcoding: 58% (6.2s / 10.7s)
[2026-07-06T02:46:44.439846] Session d9d72cae3aef: [Camera B] Transcoding: 61% (6.5s / 10.7s)
[2026-07-06T02:46:44.777994] Session d9d72cae3aef: [Camera B] Transcoding: 50% (5.3s / 10.7s)
[2026-07-06T02:46:44.991014] Session d9d72cae3aef: [Camera B] Transcoding: 64% (6.9s / 10.7s)
[2026-07-06T02:46:45.320302] Session d9d72cae3aef: [Camera B] Transcoding: 53% (5.6s / 10.7s)
[2026-07-06T02:46:45.513498] Session d9d72cae3aef: [Camera B] Transcoding: 68% (7.2s / 10.7s)
[2026-07-06T02:46:45.858984] Session d9d72cae3aef: [Camera B] Transcoding: 56% (6.0s / 10.7s)
[2026-07-06T02:46:46.064488] Session d9d72cae3aef: [Camera B] Transcoding: 71% (7.6s / 10.7s)
[2026-07-06T02:46:46.417375] Session d9d72cae3aef: [Camera B] Transcoding: 59% (6.3s / 10.7s)
[2026-07-06T02:46:46.598781] Session d9d72cae3aef: [Camera B] Transcoding: 74% (7.9s / 10.7s)
[2026-07-06T02:46:46.967262] Session d9d72cae3aef: [Camera B] Transcoding: 63% (6.7s / 10.7s)
[2026-07-06T02:46:47.135175] Session d9d72cae3aef: [Camera B] Transcoding: 77% (8.2s / 10.7s)
[2026-07-06T02:46:47.503656] Session d9d72cae3aef: [Camera B] Transcoding: 65% (7.0s / 10.7s)
[2026-07-06T02:46:47.682760] Session d9d72cae3aef: [Camera B] Transcoding: 80% (8.5s / 10.7s)
[2026-07-06T02:46:48.038000] Session d9d72cae3aef: [Camera B] Transcoding: 67% (7.2s / 10.7s)
[2026-07-06T02:46:48.221818] Session d9d72cae3aef: [Camera B] Transcoding: 82% (8.7s / 10.7s)
[2026-07-06T02:46:48.580042] Session d9d72cae3aef: [Camera B] Transcoding: 70% (7.4s / 10.7s)
[2026-07-06T02:46:48.767144] Session d9d72cae3aef: [Camera B] Transcoding: 85% (9.1s / 10.7s)
[2026-07-06T02:46:49.113021] Session d9d72cae3aef: [Camera B] Transcoding: 73% (7.8s / 10.7s)
[2026-07-06T02:46:49.299082] Session d9d72cae3aef: [Camera B] Transcoding: 88% (9.4s / 10.7s)
[2026-07-06T02:46:49.643441] Session d9d72cae3aef: [Camera B] Transcoding: 76% (8.1s / 10.7s)
[2026-07-06T02:46:49.849957] Session d9d72cae3aef: [Camera B] Transcoding: 91% (9.8s / 10.7s)
[2026-07-06T02:46:50.175932] Session d9d72cae3aef: [Camera B] Transcoding: 79% (8.4s / 10.7s)
[2026-07-06T02:46:50.371336] Session d9d72cae3aef: [Camera B] Transcoding: 94% (10.1s / 10.7s)
[2026-07-06T02:46:50.708051] Session d9d72cae3aef: [Camera B] Transcoding: 82% (8.8s / 10.7s)
[2026-07-06T02:46:50.746448] Session d9d72cae3aef: [Camera B] Transcoding: 97% (10.4s / 10.7s)
[2026-07-06T02:46:50.746796] Session d9d72cae3aef: [Camera B] Transcoding: 100% (10.7s / 10.7s)
[2026-07-06T02:46:51.240608] Session d9d72cae3aef: [Camera B] Transcoding: 86% (9.2s / 10.7s)
[2026-07-06T02:46:51.315908] Session d9d72cae3aef: Detecting relevant window for Camera A...
[2026-07-06T02:46:51.767501] Session d9d72cae3aef: [Camera B] Transcoding: 90% (9.6s / 10.7s)
[2026-07-06T02:46:52.317366] Session d9d72cae3aef: [Camera B] Transcoding: 93% (10.0s / 10.7s)
[2026-07-06T02:46:52.734891] Session d9d72cae3aef: [Camera B] Transcoding: 97% (10.3s / 10.7s)
[2026-07-06T02:46:52.735276] Session d9d72cae3aef: [Camera B] Transcoding: 100% (10.7s / 10.7s)
[2026-07-06T02:46:53.258541] Session d9d72cae3aef: Detecting relevant window for Camera A...
[2026-07-06T02:47:06.954752] Session 46f8e971ddd4: Camera A relevant window: 27957 to 29157 (impact: 119.49s)
[2026-07-06T02:47:06.955430] Session 46f8e971ddd4: Detecting relevant window for Camera B...
[2026-07-06T02:47:08.268264] Session 46f8e971ddd4: Camera A relevant window: 27957 to 29157 (impact: 119.49s)
[2026-07-06T02:47:08.268562] Session 46f8e971ddd4: Detecting relevant window for Camera B...
[2026-07-06T02:47:58.383421] Session d9d72cae3aef: Camera A relevant window: 27957 to 29157 (impact: 119.49s)
[2026-07-06T02:47:58.383960] Session d9d72cae3aef: Detecting relevant window for Camera B...
[2026-07-06T02:48:02.157763] Session d9d72cae3aef: Camera A relevant window: 27957 to 29157 (impact: 119.49s)
[2026-07-06T02:48:02.160538] Session d9d72cae3aef: Detecting relevant window for Camera B...
[2026-07-06T02:48:14.343843] Session 46f8e971ddd4: Camera B relevant window: 0 to 1200 (impact: 2.76s)
[2026-07-06T02:48:14.344390] Session 46f8e971ddd4: Reading initial background frames for Camera A...
[2026-07-06T02:48:14.866435] Session 46f8e971ddd4: Reading initial background frames for Camera B...
[2026-07-06T02:48:15.460133] Session 46f8e971ddd4: Building background models...
[2026-07-06T02:48:17.319828] Session 46f8e971ddd4: Camera B relevant window: 0 to 1200 (impact: 2.76s)
[2026-07-06T02:48:17.320128] Session 46f8e971ddd4: Reading initial background frames for Camera A...
[2026-07-06T02:48:17.754496] Session 46f8e971ddd4: Reading initial background frames for Camera B...
[2026-07-06T02:48:18.187208] Session 46f8e971ddd4: Building background models...
[2026-07-06T02:48:18.602216] Session 46f8e971ddd4: Background modeling complete, starting candidate detection...
[2026-07-06T02:48:18.634790] Session 46f8e971ddd4: [Camera A] Processing 1200 frames (from frame 27957 to 29157)...
[2026-07-06T02:48:21.520327] Session 46f8e971ddd4: Background modeling complete, starting candidate detection...
[2026-07-06T02:48:21.563626] Session 46f8e971ddd4: [Camera A] Processing 1200 frames (from frame 27957 to 29157)...
[2026-07-06T02:48:23.845034] Session 46f8e971ddd4: [Camera A] Processed 100/1200 frames (8.3%)
[2026-07-06T02:48:26.551147] Session 46f8e971ddd4: [Camera A] Processed 100/1200 frames (8.3%)
[2026-07-06T02:48:27.836065] Session 46f8e971ddd4: [Camera A] Processed 200/1200 frames (16.7%)
[2026-07-06T02:48:30.321497] Session 46f8e971ddd4: [Camera A] Processed 200/1200 frames (16.7%)
[2026-07-06T02:48:31.542832] Session 46f8e971ddd4: [Camera A] Processed 300/1200 frames (25.0%)
[2026-07-06T02:48:33.834018] Session 46f8e971ddd4: [Camera A] Processed 300/1200 frames (25.0%)
[2026-07-06T02:48:35.172789] Session 46f8e971ddd4: [Camera A] Processed 400/1200 frames (33.3%)
[2026-07-06T02:48:37.685447] Session 46f8e971ddd4: [Camera A] Processed 400/1200 frames (33.3%)
[2026-07-06T02:48:38.948494] Session 46f8e971ddd4: [Camera A] Processed 500/1200 frames (41.7%)
[2026-07-06T02:48:41.433872] Session 46f8e971ddd4: [Camera A] Processed 500/1200 frames (41.7%)
[2026-07-06T02:48:43.014587] Session 46f8e971ddd4: [Camera A] Processed 600/1200 frames (50.0%)
[2026-07-06T02:48:45.991775] Session 46f8e971ddd4: [Camera A] Processed 600/1200 frames (50.0%)
[2026-07-06T02:48:47.543620] Session 46f8e971ddd4: [Camera A] Processed 700/1200 frames (58.3%)
[2026-07-06T02:48:49.805344] Session 46f8e971ddd4: [Camera A] Processed 700/1200 frames (58.3%)
[2026-07-06T02:48:51.143700] Session 46f8e971ddd4: [Camera A] Processed 800/1200 frames (66.7%)
[2026-07-06T02:48:53.424171] Session 46f8e971ddd4: [Camera A] Processed 800/1200 frames (66.7%)
[2026-07-06T02:48:55.122820] Session 46f8e971ddd4: [Camera A] Processed 900/1200 frames (75.0%)
[2026-07-06T02:48:56.680793] Session d9d72cae3aef: Camera B relevant window: 0 to 1200 (impact: 2.76s)
[2026-07-06T02:48:56.681223] Session d9d72cae3aef: Reading initial background frames for Camera A...
[2026-07-06T02:48:57.162062] Session d9d72cae3aef: Reading initial background frames for Camera B...
[2026-07-06T02:48:57.667720] Session d9d72cae3aef: Building background models...
[2026-07-06T02:48:57.792351] Session 46f8e971ddd4: [Camera A] Processed 900/1200 frames (75.0%)
[2026-07-06T02:48:58.931700] Session 46f8e971ddd4: [Camera A] Processed 1000/1200 frames (83.3%)
[2026-07-06T02:49:00.315476] Session d9d72cae3aef: Background modeling complete, starting candidate detection...
[2026-07-06T02:49:00.341636] Session d9d72cae3aef: [Camera A] Processing 1200 frames (from frame 27957 to 29157)...
[2026-07-06T02:49:01.219590] Session 46f8e971ddd4: [Camera A] Processed 1000/1200 frames (83.3%)
[2026-07-06T02:49:02.767453] Session 46f8e971ddd4: [Camera A] Processed 1100/1200 frames (91.7%)
[2026-07-06T02:49:04.429524] Session d9d72cae3aef: Camera B relevant window: 0 to 1200 (impact: 2.76s)
[2026-07-06T02:49:04.430785] Session d9d72cae3aef: Reading initial background frames for Camera A...
[2026-07-06T02:49:04.842701] Session d9d72cae3aef: Reading initial background frames for Camera B...
[2026-07-06T02:49:05.207877] Session d9d72cae3aef: Building background models...
[2026-07-06T02:49:05.268683] Session 46f8e971ddd4: [Camera A] Processed 1100/1200 frames (91.7%)
[2026-07-06T02:49:05.310415] Session d9d72cae3aef: [Camera A] Processed 100/1200 frames (8.3%)
[2026-07-06T02:49:06.542979] Session 46f8e971ddd4: [Camera A] Processed 1200/1200 frames (100.0%)
[2026-07-06T02:49:06.584866] Session 46f8e971ddd4: [Camera A] Finished processing 1200 frames.
[2026-07-06T02:49:06.620300] Session 46f8e971ddd4: [Camera B] Processing 1200 frames (from frame 0 to 1200)...
[2026-07-06T02:49:07.800843] Session d9d72cae3aef: Background modeling complete, starting candidate detection...
[2026-07-06T02:49:07.848040] Session d9d72cae3aef: [Camera A] Processing 1200 frames (from frame 27957 to 29157)...
[2026-07-06T02:49:08.493920] Session 46f8e971ddd4: [Camera A] Processed 1200/1200 frames (100.0%)
[2026-07-06T02:49:08.513361] Session 46f8e971ddd4: [Camera A] Finished processing 1200 frames.
[2026-07-06T02:49:08.539664] Session 46f8e971ddd4: [Camera B] Processing 1200 frames (from frame 0 to 1200)...
[2026-07-06T02:49:08.810021] Session d9d72cae3aef: [Camera A] Processed 200/1200 frames (16.7%)
[2026-07-06T02:49:10.769700] Session 46f8e971ddd4: [Camera B] Processed 100/1200 frames (8.3%)
[2026-07-06T02:49:11.870861] Session d9d72cae3aef: [Camera A] Processed 300/1200 frames (25.0%)
[2026-07-06T02:49:12.612863] Session 46f8e971ddd4: [Camera B] Processed 100/1200 frames (8.3%)
[2026-07-06T02:49:14.212112] Session d9d72cae3aef: [Camera A] Processed 100/1200 frames (8.3%)
[2026-07-06T02:49:14.776174] Session d9d72cae3aef: [Camera A] Processed 400/1200 frames (33.3%)
[2026-07-06T02:49:15.371420] Session 46f8e971ddd4: [Camera B] Processed 200/1200 frames (16.7%)
[2026-07-06T02:49:17.333592] Session 46f8e971ddd4: [Camera B] Processed 200/1200 frames (16.7%)
[2026-07-06T02:49:17.595641] Session d9d72cae3aef: [Camera A] Processed 500/1200 frames (41.7%)
[2026-07-06T02:49:17.876665] Session d9d72cae3aef: [Camera A] Processed 200/1200 frames (16.7%)
[2026-07-06T02:49:20.493555] Session d9d72cae3aef: [Camera A] Processed 600/1200 frames (50.0%)
[2026-07-06T02:49:21.787142] Session 46f8e971ddd4: [Camera B] Processed 300/1200 frames (25.0%)
[2026-07-06T02:49:22.320721] Session d9d72cae3aef: [Camera A] Processed 300/1200 frames (25.0%)
[2026-07-06T02:49:23.620423] Session d9d72cae3aef: [Camera A] Processed 700/1200 frames (58.3%)
[2026-07-06T02:49:24.520807] Session 46f8e971ddd4: [Camera B] Processed 300/1200 frames (25.0%)
[2026-07-06T02:49:25.462799] Session d9d72cae3aef: [Camera A] Processed 400/1200 frames (33.3%)
[2026-07-06T02:49:26.313550] Session d9d72cae3aef: [Camera A] Processed 800/1200 frames (66.7%)
[2026-07-06T02:49:28.802225] Session d9d72cae3aef: [Camera A] Processed 500/1200 frames (41.7%)
[2026-07-06T02:49:29.226154] Session d9d72cae3aef: [Camera A] Processed 900/1200 frames (75.0%)
[2026-07-06T02:49:32.276824] Session d9d72cae3aef: [Camera A] Processed 1000/1200 frames (83.3%)
[2026-07-06T02:49:32.425038] Session d9d72cae3aef: [Camera A] Processed 600/1200 frames (50.0%)
[2026-07-06T02:49:33.588581] Session 46f8e971ddd4: [Camera B] Processed 400/1200 frames (33.3%)
[2026-07-06T02:49:35.139006] Session d9d72cae3aef: [Camera A] Processed 1100/1200 frames (91.7%)
[2026-07-06T02:49:35.614372] Session d9d72cae3aef: [Camera A] Processed 700/1200 frames (58.3%)
[2026-07-06T02:49:36.865475] Session 46f8e971ddd4: [Camera B] Processed 400/1200 frames (33.3%)
[2026-07-06T02:49:37.816395] Session d9d72cae3aef: [Camera A] Processed 1200/1200 frames (100.0%)
[2026-07-06T02:49:37.825928] Session d9d72cae3aef: [Camera A] Finished processing 1200 frames.
[2026-07-06T02:49:37.848434] Session d9d72cae3aef: [Camera B] Processing 1200 frames (from frame 0 to 1200)...
[2026-07-06T02:49:38.398461] Session d9d72cae3aef: [Camera A] Processed 800/1200 frames (66.7%)
[2026-07-06T02:49:41.554466] Session d9d72cae3aef: [Camera A] Processed 900/1200 frames (75.0%)
[2026-07-06T02:49:42.414264] Session d9d72cae3aef: [Camera B] Processed 100/1200 frames (8.3%)
[2026-07-06T02:49:44.568998] Session d9d72cae3aef: [Camera A] Processed 1000/1200 frames (83.3%)
[2026-07-06T02:49:46.379639] Session 46f8e971ddd4: [Camera B] Processed 500/1200 frames (41.7%)
[2026-07-06T02:49:47.094307] Session d9d72cae3aef: [Camera A] Processed 1100/1200 frames (91.7%)
[2026-07-06T02:49:47.652379] Session d9d72cae3aef: [Camera B] Processed 200/1200 frames (16.7%)
[2026-07-06T02:49:49.441773] Session 46f8e971ddd4: [Camera B] Processed 500/1200 frames (41.7%)
[2026-07-06T02:49:49.523290] Session d9d72cae3aef: [Camera A] Processed 1200/1200 frames (100.0%)
[2026-07-06T02:49:49.534839] Session d9d72cae3aef: [Camera A] Finished processing 1200 frames.
[2026-07-06T02:49:49.556099] Session d9d72cae3aef: [Camera B] Processing 1200 frames (from frame 0 to 1200)...
[2026-07-06T02:49:53.453537] Session d9d72cae3aef: [Camera B] Processed 100/1200 frames (8.3%)
[2026-07-06T02:49:55.108676] Session d9d72cae3aef: [Camera B] Processed 300/1200 frames (25.0%)
[2026-07-06T02:49:58.128437] Session d9d72cae3aef: [Camera B] Processed 200/1200 frames (16.7%)
[2026-07-06T02:49:58.755043] Session 46f8e971ddd4: [Camera B] Processed 600/1200 frames (50.0%)
[2026-07-06T02:50:02.356755] Session 46f8e971ddd4: [Camera B] Processed 600/1200 frames (50.0%)
[2026-07-06T02:50:05.324620] Session d9d72cae3aef: [Camera B] Processed 300/1200 frames (25.0%)
[2026-07-06T02:50:09.346126] Session d9d72cae3aef: [Camera B] Processed 400/1200 frames (33.3%)
[2026-07-06T02:50:13.758947] Session 46f8e971ddd4: [Camera B] Processed 700/1200 frames (58.3%)
[2026-07-06T02:50:17.644907] Session 46f8e971ddd4: [Camera B] Processed 700/1200 frames (58.3%)
[2026-07-06T02:50:19.729167] Session d9d72cae3aef: [Camera B] Processed 400/1200 frames (33.3%)
[2026-07-06T02:50:24.431545] Session d9d72cae3aef: [Camera B] Processed 500/1200 frames (41.7%)
[2026-07-06T02:50:32.484314] Session 46f8e971ddd4: [Camera B] Processed 800/1200 frames (66.7%)
[2026-07-06T02:50:34.511687] Session d9d72cae3aef: [Camera B] Processed 500/1200 frames (41.7%)
[2026-07-06T02:50:36.398318] Session 46f8e971ddd4: [Camera B] Processed 800/1200 frames (66.7%)
[2026-07-06T02:50:39.144482] Session d9d72cae3aef: [Camera B] Processed 600/1200 frames (50.0%)
[2026-07-06T02:50:49.698904] Session d9d72cae3aef: [Camera B] Processed 600/1200 frames (50.0%)
[2026-07-06T02:50:53.374563] Session 46f8e971ddd4: [Camera B] Processed 900/1200 frames (75.0%)
[2026-07-06T02:50:55.591264] Session d9d72cae3aef: [Camera B] Processed 700/1200 frames (58.3%)
[2026-07-06T02:50:57.324510] Session 46f8e971ddd4: [Camera B] Processed 900/1200 frames (75.0%)
[2026-07-06T02:51:06.489040] Session d9d72cae3aef: [Camera B] Processed 700/1200 frames (58.3%)
[2026-07-06T02:51:14.150594] Session 46f8e971ddd4: [Camera B] Processed 1000/1200 frames (83.3%)
[2026-07-06T02:51:16.336526] Session d9d72cae3aef: [Camera B] Processed 800/1200 frames (66.7%)
[2026-07-06T02:51:18.098216] Session 46f8e971ddd4: [Camera B] Processed 1000/1200 frames (83.3%)
[2026-07-06T02:51:27.112340] Session d9d72cae3aef: [Camera B] Processed 800/1200 frames (66.7%)
[2026-07-06T02:51:34.003215] Session 46f8e971ddd4: [Camera B] Processed 1100/1200 frames (91.7%)
[2026-07-06T02:51:38.002718] Session d9d72cae3aef: [Camera B] Processed 900/1200 frames (75.0%)
[2026-07-06T02:51:38.163563] Session 46f8e971ddd4: [Camera B] Processed 1100/1200 frames (91.7%)
[2026-07-06T02:51:48.429228] Session d9d72cae3aef: [Camera B] Processed 900/1200 frames (75.0%)
[2026-07-06T02:51:55.302294] Session 46f8e971ddd4: [Camera B] Processed 1200/1200 frames (100.0%)
[2026-07-06T02:51:55.309608] Session 46f8e971ddd4: [Camera B] Finished processing 1200 frames.
[2026-07-06T02:51:55.310086] Session 46f8e971ddd4: Candidate detection complete, starting 2D tracking...
[2026-07-06T02:52:02.503229] Session 46f8e971ddd4: 2D tracking complete. Track A: 14 pts, Track B: 18 pts.
[2026-07-06T02:52:02.503625] Session 46f8e971ddd4: Starting 3D triangulation...
[2026-07-06T02:52:02.504732] Session 46f8e971ddd4: Using visual track alignment fallback. Start A: frame 28966, Start B: frame 834. Visual offset: 117.217s (28132.0 frames).
[2026-07-06T02:52:02.508293] Session 46f8e971ddd4: Triangulated 0 points in 3D.
[2026-07-06T02:52:02.508575] Session 46f8e971ddd4: Too few 3D points to fit model.
[2026-07-06T02:52:04.748956] Session d9d72cae3aef: [Camera B] Processed 1000/1200 frames (83.3%)
[2026-07-06T02:52:04.786368] Session 46f8e971ddd4: [Camera B] Processed 1200/1200 frames (100.0%)
[2026-07-06T02:52:04.796038] Session 46f8e971ddd4: [Camera B] Finished processing 1200 frames.
[2026-07-06T02:52:04.796660] Session 46f8e971ddd4: Candidate detection complete, starting 2D tracking...
[2026-07-06T02:52:11.963455] Session 46f8e971ddd4: 2D tracking complete. Track A: 14 pts, Track B: 18 pts.
[2026-07-06T02:52:11.963790] Session 46f8e971ddd4: Starting 3D triangulation...
[2026-07-06T02:52:11.964692] Session 46f8e971ddd4: Using visual track alignment fallback. Start A: frame 28966, Start B: frame 834. Visual offset: 117.217s (28132.0 frames).
[2026-07-06T02:52:11.967363] Session 46f8e971ddd4: Triangulated 0 points in 3D.
[2026-07-06T02:52:11.967597] Session 46f8e971ddd4: Too few 3D points to fit model.
[2026-07-06T02:52:15.285536] Session d9d72cae3aef: [Camera B] Processed 1000/1200 frames (83.3%)
[2026-07-06T02:52:18.606578] Session d9d72cae3aef: [Camera B] Processed 1100/1200 frames (91.7%)
[2026-07-06T02:52:22.047416] Session d9d72cae3aef: [Camera B] Processed 1100/1200 frames (91.7%)
[2026-07-06T02:52:25.773636] Session d9d72cae3aef: [Camera B] Processed 1200/1200 frames (100.0%)
[2026-07-06T02:52:25.797115] Session d9d72cae3aef: [Camera B] Finished processing 1200 frames.
[2026-07-06T02:52:25.798453] Session d9d72cae3aef: Candidate detection complete, starting 2D tracking...
[2026-07-06T02:52:33.255023] Session d9d72cae3aef: 2D tracking complete. Track A: 14 pts, Track B: 18 pts.
[2026-07-06T02:52:33.255441] Session d9d72cae3aef: Starting 3D triangulation...
[2026-07-06T02:52:33.259096] Session d9d72cae3aef: Using visual track alignment fallback. Start A: frame 28966, Start B: frame 834. Visual offset: 117.217s (28132.0 frames).
[2026-07-06T02:52:33.260133] Session d9d72cae3aef: Triangulated 0 points in 3D.
[2026-07-06T02:52:33.260344] Session d9d72cae3aef: Too few 3D points to fit model.
[2026-07-06T02:52:35.419885] Session d9d72cae3aef: [Camera B] Processed 1200/1200 frames (100.0%)
[2026-07-06T02:52:35.434849] Session d9d72cae3aef: [Camera B] Finished processing 1200 frames.
[2026-07-06T02:52:35.435555] Session d9d72cae3aef: Candidate detection complete, starting 2D tracking...
[2026-07-06T02:52:43.188212] Session d9d72cae3aef: 2D tracking complete. Track A: 14 pts, Track B: 18 pts.
[2026-07-06T02:52:43.188535] Session d9d72cae3aef: Starting 3D triangulation...
[2026-07-06T02:52:43.189262] Session d9d72cae3aef: Using visual track alignment fallback. Start A: frame 28966, Start B: frame 834. Visual offset: 117.217s (28132.0 frames).
[2026-07-06T02:52:43.189784] Session d9d72cae3aef: Triangulated 0 points in 3D.
[2026-07-06T02:52:43.189939] Session d9d72cae3aef: Too few 3D points to fit model.
